{"type":"FeatureCollection","name":"Jigawa State LGA boundaries","crs":{"type":"name","properties":{"name":"urn:ogc:def:crs:OGC:1.3:CRS84"}},"features":[{"type":"Feature","properties":{"name":"Auyo","code":"auyo","source_id":"59680162B19523503473687"},"geometry":{"type":"Polygon","coordinates":[[[9.859733951760518,12.223038749438786],[9.885950988947059,12.234860396190356],[9.882267631146306,12.244950142035464],[9.885667880568292,12.244923174964583],[9.889610359130813,12.247024655863243],[9.891514104292526,12.253717173109123],[9.920332771340384,12.261410830945124],[9.924353249003275,12.267130886980908],[9.926660993010444,12.266897868142166],[9.934623263952517,12.272123511990515],[9.94520001157133,12.273052505368867],[9.949478246623812,12.277000685633197],[9.9524492442373,12.276536196588268],[9.95649218426695,12.279208177715304],[9.954561007084862,12.287525850837369],[9.954925621020664,12.300077208396488],[9.957933085243724,12.316204673307084],[9.969297656062054,12.318481379911816],[9.969249170013256,12.321902286761201],[9.976438360342115,12.324819583157307],[9.985869743993533,12.337774818153378],[9.991115016444894,12.338940906098003],[9.99296513143571,12.353148124186646],[10.015972528709256,12.365453207799362],[10.015287058251204,12.37081114371938],[10.017146949771984,12.373838195176631],[10.035115537352226,12.375788319275557],[10.066192554942518,12.37375310312325],[10.101642165353724,12.38653039825931],[10.114275500613928,12.373543156391577],[10.126400001259071,12.35799999900081],[10.138713951287855,12.351158545930218],[10.150360257220143,12.347791934750035],[10.162244244076646,12.344773556354596],[10.179694602723771,12.3437297941947],[10.191727136897896,12.340525581690315],[10.19073720096111,12.337688227829517],[10.19168699026244,12.330897002794472],[10.195166621042802,12.331435696700112],[10.194995491748614,12.328129204299387],[10.198899999135676,12.330600000789445],[10.201699997856679,12.33610000081444],[10.201174906197025,12.341918706183378],[10.208429351333564,12.355184188399619],[10.220540808211751,12.35630253403474],[10.225823210972464,12.363988194199862],[10.226556817643086,12.368633802308182],[10.242897874237542,12.379921562030518],[10.254056937377811,12.391029850347365],[10.225000978812147,12.433852896094322],[10.197556820291084,12.433516775378905],[10.143606156199212,12.422277453141987],[10.120246043919849,12.420307174336699],[10.106912994738991,12.416879752798422],[10.089617564099342,12.431783805178497],[10.087134269730825,12.42780710561351],[10.070520238318409,12.422465554441828],[10.052537321839964,12.421141549143215],[10.052071313840088,12.43185988062902],[10.032954668822981,12.440500744913493],[10.027664355625575,12.440562275628565],[10.023815168235501,12.439847710303638],[10.020919137208466,12.437119008935156],[10.021156817233361,12.423337582963143],[10.014947433777081,12.42571674393264],[9.999171441908572,12.426558151437575],[9.994001907661982,12.415213452039211],[9.993348289392088,12.408806816681306],[9.990817000004597,12.405324881837885],[9.987608323265533,12.40501150587636],[9.986039636719909,12.409642473021734],[9.982636582312466,12.412719738125475],[9.982617049037628,12.416536541828009],[9.964648462356706,12.41430817558188],[9.964424092298088,12.4057366814028],[9.963378301267653,12.404529603258652],[9.959841628288586,12.404659595763803],[9.958605691799278,12.4029511060088],[9.964956493647321,12.398419838604696],[9.966391295422,12.393575459639806],[9.964695047238706,12.389900284770363],[9.958693633804216,12.384526091805753],[9.954581775128872,12.388530630784032],[9.949804411844184,12.389656535220979],[9.943874302956772,12.387381509449142],[9.939417807885548,12.38327248363828],[9.935484208329626,12.382750145702687],[9.935092038266987,12.38117151805119],[9.940344758903564,12.377700822934685],[9.936470579353795,12.3715138182082],[9.928573130645532,12.371089976721123],[9.924793473440104,12.379877266822461],[9.920686366782434,12.381103032878741],[9.921199755564317,12.383554547004792],[9.918632815252295,12.384000274393202],[9.915666572354496,12.381994494850119],[9.912871457851566,12.37229967998627],[9.917434909293661,12.369680903650817],[9.919830720311552,12.365111912384918],[9.908992525384804,12.363830350590263],[9.908935482286722,12.362437343009049],[9.910076344247955,12.363440310122257],[9.912586242361272,12.362103020038376],[9.911787638089095,12.360654282369296],[9.90499950492324,12.361935858553068],[9.901291701750665,12.360877165848592],[9.898781805436045,12.3517945177029],[9.896614165911103,12.34995566222409],[9.887601349222962,12.345386324719186],[9.885319624401177,12.342098582283768],[9.877618800767095,12.340092481682746],[9.875619220250883,12.341101242228603],[9.873515755447784,12.346499546017299],[9.859575839253637,12.343051609144482],[9.858078456355713,12.340648474947216],[9.85904105919758,12.339081202135844],[9.860146270234225,12.338698089145566],[9.861465392214143,12.341101242228603],[9.862427995055953,12.340300192699772],[9.860431485724519,12.336747689854064],[9.861928867723122,12.33072225282973],[9.846420265882614,12.336469059199771],[9.843068980948772,12.335493852359434],[9.840680299756059,12.332637869042458],[9.842355941773349,12.329259410193686],[9.838398574934331,12.32762240844744],[9.8397533487381,12.326159546925624],[9.83928987412844,12.323895579217663],[9.827453422737335,12.318705795835854],[9.82517169791555,12.31633727024888],[9.827733885310636,12.314256664413563],[9.828931791269213,12.30522813297199],[9.823911995042579,12.304169210940358],[9.820318278066111,12.305395331329521],[9.828747269271105,12.269857658404248],[9.832242417853365,12.26855700220392],[9.836230128717489,12.258346618601593],[9.842559495224577,12.248923952978089],[9.853081555069764,12.253152379079097],[9.857962730695533,12.246961610689823],[9.850055964111505,12.242545011343225],[9.859733951760518,12.223038749438786]]]}},{"type":"Feature","properties":{"name":"Babura","code":"babura","source_id":"59680162B12953009585437"},"geometry":{"type":"Polygon","coordinates":[[[8.640747477014486,12.592996530565472],[8.648667600329532,12.583509466288888],[8.645744572554008,12.559826921875015],[8.66081974703377,12.55886481455957],[8.683174449641172,12.561931062068936],[8.69192202837894,12.572209768066386],[8.719116211344101,12.566590309295407],[8.729983675606206,12.559105350831317],[8.737576067081875,12.550970528766925],[8.728150472366451,12.546003584797631],[8.718106491221647,12.537965011775896],[8.714478439028767,12.523502503138047],[8.704979933577135,12.502458930235491],[8.697087753097378,12.495104718807795],[8.693213608621193,12.494584264951925],[8.687487108043626,12.482753999997158],[8.688556913670652,12.468468453656271],[8.698853930764358,12.454577904846474],[8.695567820598512,12.442824899749382],[8.704897314659377,12.42731403071798],[8.709885424173024,12.415942697897265],[8.729479668551903,12.425498248245617],[8.73338061462374,12.423411892145168],[8.738697938059431,12.417236773758134],[8.75742422155065,12.421266086360845],[8.763844511315199,12.419931273909185],[8.774043544573999,12.403343812966625],[8.780443070791137,12.387134677023766],[8.785007096900074,12.39260881974127],[8.795099048782106,12.382300603390206],[8.804193558086297,12.392928247240889],[8.813617810113897,12.400087952397143],[8.82048081184007,12.402380275729172],[8.821081088621384,12.399937376208982],[8.830617324230161,12.401177184279675],[8.851551055736707,12.41961955989484],[8.877701839868053,12.427770231610964],[8.862281937261628,12.458137838790265],[8.877864803318062,12.480797871124878],[8.891392901960899,12.497242731966537],[8.898374255367628,12.500566494947805],[8.909931071561743,12.51440706123691],[8.92011877336273,12.521711935857184],[8.92962596176875,12.535285115715567],[8.922968626900683,12.541614380599242],[8.934663721953257,12.56099367082129],[8.936321783123844,12.568039610839435],[8.947279408917609,12.579281033892642],[8.952769126993644,12.578989366666008],[8.959893650671518,12.57148092870193],[8.969649441368688,12.57063622158438],[8.98183926696862,12.579144719153533],[8.996171510606757,12.580550432356631],[8.99994635104332,12.587234597598638],[9.004435004971526,12.595182499173063],[9.00424193042079,12.597246117714235],[9.02288536926443,12.61589476003519],[9.039000000849398,12.628499999575354],[9.032946077799295,12.648602699055346],[9.036094812026022,12.654490761939144],[9.042762248978647,12.662099593921198],[9.032391702415168,12.672727909565424],[9.021249872083956,12.679182488680965],[9.012655296804553,12.690094117749368],[9.039979495657235,12.698751600605931],[9.059618467818098,12.710008065719705],[9.067544265855247,12.727389172072662],[9.080054262694091,12.735431312704975],[9.079212533231896,12.738224324592977],[9.081797833203495,12.758140699833461],[9.086506939743515,12.774179288343532],[9.06951283864663,12.788318505094992],[9.069048140959012,12.79905685099294],[9.055086443184848,12.800173779296529],[9.053905350051934,12.806144246160102],[9.047338499572163,12.816157329297369],[9.01499485882573,12.809146657092583],[8.982868786565291,12.80676876956312],[8.97125416464803,12.785102119367366],[8.969963653699722,12.77564281626303],[8.951332270268097,12.738121687665796],[8.923190990571811,12.707054569812612],[8.908359776082875,12.70195363495236],[8.883529117574767,12.696092996894322],[8.864637001796268,12.669043435706044],[8.850491907975197,12.678794438412638],[8.847932220695498,12.675345693948657],[8.831029291069001,12.67041995511687],[8.829696792572975,12.670503712576306],[8.828626986945949,12.675935545788832],[8.823927400629088,12.674430193998319],[8.804685135610555,12.673134643249227],[8.759254548758463,12.673896189157858],[8.752371157602909,12.672681243744478],[8.744812943062925,12.666652041258772],[8.722946407750555,12.66994493141351],[8.722789651421351,12.68271699968983],[8.712407232907537,12.680555802008712],[8.701111221006101,12.687008151704902],[8.698113684399061,12.675193265157134],[8.683235757324383,12.663157559074136],[8.657713931153069,12.659410131772233],[8.656849299555574,12.64510140360693],[8.65445818299878,12.645194942092928],[8.648525591982548,12.636747867320253],[8.647794975557701,12.618468563973124],[8.644367963210982,12.612484216073767],[8.640747477014486,12.592996530565472]]]}},{"type":"Feature","properties":{"name":"Biriniwa","code":"biriniwa","source_id":"59680162B74336355497846"},"geometry":{"type":"Polygon","coordinates":[[[9.765183857948728,12.796216203814822],[9.770858021580466,12.769200760206957],[9.80579694207529,12.738369281816972],[9.81282260687783,12.728933371877645],[9.814761368042753,12.719382905396799],[9.819387938402656,12.712629980689087],[9.827952589640347,12.7086609964079],[9.82368862143278,12.70476144878188],[9.824373905731193,12.702648486238672],[9.849300464344992,12.68696150297103],[9.851496624069966,12.675831178566114],[9.862164720325609,12.665031601427302],[9.862057127234664,12.642068037110278],[9.853067989696001,12.625286892775932],[9.873919628388194,12.62041357003028],[9.885104046114861,12.621374871553144],[9.890243682400069,12.620061409006894],[9.892280501144285,12.624858402693178],[9.892957262567677,12.640401580768412],[9.904176897745685,12.64272108071333],[9.906287738788137,12.638590306597393],[9.922164264968899,12.628270194913625],[9.937192221443922,12.627670740112592],[9.964584153635826,12.633767737091432],[9.970615760908686,12.629628399630974],[9.982535154074128,12.632684653873753],[9.991640197137428,12.64317524104456],[9.998698074756419,12.64610577995785],[10.016539580037659,12.650473231354567],[10.031358769691508,12.645332137268383],[10.050851352008351,12.652636253760136],[10.053638160372827,12.656490128416749],[10.056478809349642,12.671510553069595],[10.077805613838052,12.681924029670256],[10.084918487698076,12.687028563617389],[10.099306052232578,12.67645269013957],[10.104536706204101,12.674168893279841],[10.130857285935065,12.687083084117091],[10.14954247760329,12.690901282668108],[10.1716357257082,12.690583414592936],[10.188381075226516,12.69538705426919],[10.18657071926333,12.708763579375727],[10.196481465847,12.719353574907586],[10.217089312721669,12.727083797379407],[10.230869646916744,12.724762756895757],[10.237101224741764,12.73018370471425],[10.247074307833088,12.729540203817407],[10.250937092972492,12.73266936070246],[10.251421138674687,12.737933768028995],[10.26894666085974,12.74610209163825],[10.288355989337504,12.757877771342123],[10.300721968743915,12.772392756320698],[10.307072704941447,12.776482557324186],[10.328778063756658,12.78251970442085],[10.351432558066165,12.774253022858773],[10.363870701771532,12.787414627083422],[10.362822863884105,12.805908977217598],[10.339596928655396,12.807342962407859],[10.325251021617419,12.811462194624653],[10.314901008374875,12.814549525839993],[10.298204570284724,12.817086004315684],[10.290516513426383,12.815451401960672],[10.29551936912361,12.835532512315638],[10.303831532998913,12.855387647322118],[10.30466274938641,12.861060255126745],[10.290116464403354,12.875484308753869],[10.288971620244126,12.905634596559423],[10.271866585974237,12.9175925103861],[10.274100802310215,12.934454196204229],[10.270723773383509,12.93890986929506],[10.270418756620359,12.944802659914899],[10.263975635767054,12.954846954923084],[10.277300000194884,12.95840000006001],[10.283399999110713,12.962099999815166],[10.284607371333152,12.964262316252928],[10.2820115043275,12.979373909678259],[10.2654109195783,12.983551104999549],[10.263652090271819,12.985264963707152],[10.260318110992102,12.99752559922706],[10.234695812561768,13.008795074832904],[10.226472033157847,13.006897960372612],[10.224334273607894,13.014821153973116],[10.202854973778074,13.00818260594258],[10.174447493856803,13.002235551129843],[10.154630372293923,12.993330822159749],[10.149004444699415,12.987647766930934],[10.143818210042411,12.986682886106337],[10.13988603681122,12.989192872353215],[10.136410589677041,12.989413557889407],[10.117848772402965,12.984629150215142],[10.098623263552838,12.985513558803746],[10.103655039648402,12.96629977621376],[10.097262704410355,12.966420386092011],[10.088749543856409,12.983572616782908],[10.063749804709744,12.977751410399321],[10.05688302942832,12.973972112023375],[10.060880426890265,12.965690793095689],[10.05117222741643,12.952841703282047],[10.032086601815251,12.965175105646665],[10.019167700329149,12.96381355994788],[10.006151530868522,12.957068535784344],[9.99702556507782,12.955570140249847],[9.987998941098283,12.956416817781985],[9.964408593381904,12.944368898006303],[9.953720233601928,12.93608356630358],[9.943062360839349,12.911209778108798],[9.929673063561097,12.918537914593117],[9.910963494869463,12.877478461861585],[9.91771208034828,12.872301308558576],[9.91536691285279,12.863380631910672],[9.91023303132937,12.858542380026847],[9.899680050993595,12.855094373006978],[9.896399023795937,12.852719905599201],[9.858193870850528,12.820207731901348],[9.816185429214215,12.80747327417231],[9.797419982046563,12.80967632180483],[9.792943739661894,12.81451900105111],[9.78695638173167,12.81440605609464],[9.78534786601125,12.812730915899124],[9.78676507344943,12.804227277367033],[9.785599136590918,12.799111436243834],[9.780904174588045,12.800379403886438],[9.777350372221974,12.804176718380916],[9.777653719843329,12.799282197715286],[9.765183857948728,12.796216203814822]]]}},{"type":"Feature","properties":{"name":"Birnin Kudu","code":"birnin_kudu","source_id":"59680162B7272699675434"},"geometry":{"type":"Polygon","coordinates":[[[9.62592342722445,11.236726420388038],[9.633525565552475,11.243899360866862],[9.634040383357046,11.250219102829362],[9.661499999425473,11.284899997936577],[9.660705547323175,11.30566856805001],[9.65485862482575,11.31622633637636],[9.641955587380494,11.332210826168762],[9.641058772644271,11.343713539148553],[9.64213384739918,11.347696313634003],[9.646091214238197,11.34986351608842],[9.645852110586475,11.356196682231143],[9.644168726305736,11.366452926761212],[9.641118360823725,11.371552251834999],[9.636886441755905,11.3733797129035],[9.633074748900583,11.373443271589736],[9.625630303096045,11.368322610999769],[9.616673719216806,11.365255585576847],[9.603988170217917,11.36475248234126],[9.59961803704283,11.368857662651067],[9.59469830388366,11.377173376150438],[9.593748186329776,11.38158435473423],[9.588932180076085,11.384140581422741],[9.58248651773863,11.384164617603062],[9.581099952001239,11.393061202312708],[9.59025133443157,11.402196589401115],[9.598294415754708,11.415700296631428],[9.60703174671778,11.409991542375849],[9.601199999380526,11.403400000109968],[9.596026203246709,11.38504672212855],[9.598972854413773,11.38308981624209],[9.631998558986368,11.383025868149332],[9.641118360823725,11.388664277434486],[9.644826164895619,11.39996687686994],[9.64126096901856,11.422402986108978],[9.647377042416622,11.445327435312947],[9.648897031572801,11.46106614039013],[9.70302922292035,11.478775241184508],[9.702519340595131,11.492294379881798],[9.696536302108711,11.491737669857628],[9.685503725916249,11.489068356119787],[9.68256846556227,11.486193100331377],[9.671370880861502,11.481634923413026],[9.66425633696042,11.482460691707615],[9.658694630852608,11.46988258471356],[9.65480000161881,11.469400000409735],[9.64959999924065,11.471799998671031],[9.646652744628511,11.475453605099858],[9.646288137887325,11.480251939675327],[9.648217708880225,11.488619101590302],[9.645365552178532,11.495271151142788],[9.638349245721145,11.504438423694353],[9.638300002443202,11.507599998441208],[9.648103621784742,11.518971294389758],[9.64040279904998,11.538477694789833],[9.63739709929672,11.539925533136909],[9.629381450893277,11.539987391205216],[9.628440240224961,11.551891714431122],[9.630750487045361,11.572429674090245],[9.622446873924162,11.57783368587593],[9.615774489800913,11.576254363048463],[9.613775031592468,11.578818957029284],[9.609998686590188,11.592538781239796],[9.614543871002866,11.593956004865788],[9.627194715164023,11.610456049906816],[9.652681350863702,11.623319626000011],[9.654998778770675,11.625650406141403],[9.6630611415585,11.638409615011767],[9.6641458435559,11.643238013023904],[9.672598099322897,11.655827825593747],[9.679577029056702,11.654622514617415],[9.69476750831393,11.657306546659868],[9.697123381339054,11.681452645723084],[9.680252824608203,11.677442851106719],[9.665976059247782,11.676072279811933],[9.661440849215865,11.680999756133872],[9.662503241731258,11.6913700104177],[9.660088538655202,11.698249816875602],[9.661211013977152,11.702870368972413],[9.665821074582993,11.709830285239548],[9.664431285675334,11.726806684081282],[9.639735107289425,11.732978133234326],[9.53668621060018,11.68339465074257],[9.524013502121477,11.661593017703638],[9.524208841165148,11.648587829864482],[9.504351489329792,11.636901242398494],[9.480959505077124,11.61360751807257],[9.464425955793274,11.593599875134203],[9.43610008934769,11.582274644259485],[9.420423354754064,11.557914468777767],[9.37772813144818,11.561323036928684],[9.360311527055387,11.560817456060818],[9.34320173267389,11.53174404794953],[9.330505706573149,11.516636082389311],[9.298590073872845,11.498693319740937],[9.290793645110682,11.506325184259879],[9.284237399436506,11.502553683905433],[9.276225833955095,11.492134975049112],[9.260469134343111,11.476081170010048],[9.25251709408866,11.472166274553956],[9.247731794286949,11.457251118244585],[9.234889131028638,11.452436463671916],[9.23151869323317,11.449527157752186],[9.227637480984981,11.426161859981903],[9.233840407309003,11.419695824402822],[9.233412582724554,11.413405442607143],[9.232057808920786,11.412496823369736],[9.232485631706595,11.405689055305686],[9.229063044024315,11.396602458236885],[9.224856112619534,11.392408547216746],[9.222237733784425,11.373755062945861],[9.208422660577355,11.35795784078175],[9.194971659014925,11.326648778318486],[9.211414779668416,11.328817788410277],[9.23028968242295,11.335162217662287],[9.287123236648085,11.349394847893961],[9.291021802214459,11.348200103052363],[9.294334011605372,11.339405614777377],[9.303756678128252,11.337749509632204],[9.313644689850605,11.346247530998824],[9.321992400329066,11.339378982254289],[9.323941374195101,11.340963650651986],[9.323160966805233,11.343694460930692],[9.330461789979665,11.339879711279707],[9.33012421865783,11.344839378834308],[9.335478370230646,11.340469892271756],[9.337047055876951,11.341378744433541],[9.33776682377993,11.344852392024336],[9.342616753360517,11.340737580874702],[9.346144315307981,11.346746133127567],[9.351360458718261,11.343197370562223],[9.379569986165961,11.331267926573616],[9.397972317668348,11.316612128446991],[9.411639492868346,11.299995817253205],[9.421177719576121,11.29883761636296],[9.426239156212148,11.295044016967836],[9.440962104917276,11.293247855903871],[9.445240339969757,11.291289994937358],[9.449090752236486,11.287374237031486],[9.464064574920258,11.281500499448555],[9.466734001972668,11.283614966557536],[9.471202958050128,11.281768187152181],[9.475338584907831,11.284565219909041],[9.475315779000027,11.286139865362543],[9.478766028029838,11.286501501643045],[9.497519398201689,11.278085663022978],[9.5057545621234,11.289857880336967],[9.505219781168023,11.29538183380464],[9.507715417832344,11.297654317193008],[9.50750150688907,11.301954501998694],[9.508322015049032,11.305065908964593],[9.511423222803558,11.307897741887302],[9.511793670641453,11.313130586607315],[9.525555200012548,11.316483240309367],[9.537878244885121,11.3173220361831],[9.559033050435005,11.31692970963843],[9.559104188607478,11.315467054061344],[9.609396987980688,11.315467894927451],[9.609642383289383,11.309130170121307],[9.607273847809893,11.302598291577965],[9.601640838054266,11.29826315462094],[9.598432162214579,11.292949027375755],[9.596984765434627,11.268864563348984],[9.593536247599786,11.257162593878661],[9.595624084883639,11.247570586813197],[9.60335773467176,11.243403613186274],[9.615426482746045,11.240250246551682],[9.62592342722445,11.236726420388038]]]}},{"type":"Feature","properties":{"name":"Buji","code":"buji","source_id":"59680162B86414227144381"},"geometry":{"type":"Polygon","coordinates":[[[9.645852110586475,11.356196682231143],[9.65940781212089,11.360696291700549],[9.66149939418176,11.363958593214534],[9.67148194263757,11.364611047761684],[9.681189720329371,11.370759067776817],[9.683175784934576,11.37332584621089],[9.684176460575259,11.380005054389812],[9.689348103732073,11.38456155407249],[9.685334883598046,11.390582786766231],[9.684450293346401,11.403330529280538],[9.68799742544087,11.408079715006863],[9.701167805250066,11.411719012322635],[9.70408264469836,11.413943809159491],[9.705974317360926,11.415823582892074],[9.706295544403872,11.420201791079819],[9.710589677671521,11.41778346463525],[9.712031630855108,11.418597241369639],[9.709563850691211,11.42934940265286],[9.716004303256057,11.43606873408487],[9.728047560046889,11.435693958709294],[9.765670284156329,11.447306231597338],[9.788003841004524,11.463325660950545],[9.784703517953062,11.468231546348818],[9.786487578638912,11.482159614874377],[9.784049033636052,11.491339683879346],[9.787869533552168,11.504716107362526],[9.792138521775428,11.506521610583889],[9.805576800628899,11.521414665154737],[9.815376373021252,11.529254320730388],[9.829698824840932,11.53784779164232],[9.830783568207153,11.540342700755104],[9.819567964689895,11.579875789036464],[9.829466521862571,11.588061135013447],[9.834908586661982,11.598879487298575],[9.817196839162818,11.604136692854127],[9.822817782714537,11.613430273388474],[9.821491694586086,11.615739336701097],[9.819659795363293,11.615901672424286],[9.81865122097713,11.61962632079809],[9.813597562577513,11.619209756625025],[9.810854059267456,11.622456142836768],[9.810972899279932,11.626268322225314],[9.812547526746982,11.627606937010569],[9.825916387831057,11.626764527660896],[9.828206061760397,11.634650231223247],[9.825718879622627,11.648440360834059],[9.822109222162908,11.657609940146642],[9.82079075129218,11.67157821106565],[9.827824400275915,11.682429614335263],[9.830646119422909,11.68459840858975],[9.827777643623392,11.692276464986946],[9.801982061123283,11.691472456688587],[9.784254336268646,11.723900866631766],[9.784824852684835,11.727239502601037],[9.77956752122418,11.736505050367839],[9.712555872655457,11.720866605309652],[9.70372517227895,11.720727179815526],[9.692391693721731,11.722162918683807],[9.6849043916244,11.725340679428882],[9.664431285675334,11.726806684081282],[9.665821074582993,11.709830285239548],[9.661211013977152,11.702870368972413],[9.660088538655202,11.698249816875602],[9.662503241731258,11.6913700104177],[9.661440849215865,11.680999756133872],[9.665976059247782,11.676072279811933],[9.680252824608203,11.677442851106719],[9.697123381339054,11.681452645723084],[9.69476750831393,11.657306546659868],[9.679577029056702,11.654622514617415],[9.672598099322897,11.655827825593747],[9.6641458435559,11.643238013023904],[9.6630611415585,11.638409615011767],[9.654998778770675,11.625650406141403],[9.652681350863702,11.623319626000011],[9.627194715164023,11.610456049906816],[9.614543871002866,11.593956004865788],[9.609998686590188,11.592538781239796],[9.613775031592468,11.578818957029284],[9.615774489800913,11.576254363048463],[9.622446873924162,11.57783368587593],[9.630750487045361,11.572429674090245],[9.628440240224961,11.551891714431122],[9.629381450893277,11.539987391205216],[9.63739709929672,11.539925533136909],[9.64040279904998,11.538477694789833],[9.648103621784742,11.518971294389758],[9.638300002443202,11.507599998441208],[9.638349245721145,11.504438423694353],[9.645365552178532,11.495271151142788],[9.648217708880225,11.488619101590302],[9.646288137887325,11.480251939675327],[9.646652744628511,11.475453605099858],[9.64959999924065,11.471799998671031],[9.65480000161881,11.469400000409735],[9.658694630852608,11.46988258471356],[9.66425633696042,11.482460691707615],[9.671370880861502,11.481634923413026],[9.68256846556227,11.486193100331377],[9.685503725916249,11.489068356119787],[9.696536302108711,11.491737669857628],[9.702519340595131,11.492294379881798],[9.70302922292035,11.478775241184508],[9.648897031572801,11.46106614039013],[9.647377042416622,11.445327435312947],[9.64126096901856,11.422402986108978],[9.644826164895619,11.39996687686994],[9.641118360823725,11.388664277434486],[9.631998558986368,11.383025868149332],[9.598972854413773,11.38308981624209],[9.596026203246709,11.38504672212855],[9.601199999380526,11.403400000109968],[9.60703174671778,11.409991542375849],[9.598294415754708,11.415700296631428],[9.59025133443157,11.402196589401115],[9.581099952001239,11.393061202312708],[9.58248651773863,11.384164617603062],[9.588932180076085,11.384140581422741],[9.593748186329776,11.38158435473423],[9.59469830388366,11.377173376150438],[9.59961803704283,11.368857662651067],[9.603988170217917,11.36475248234126],[9.616673719216806,11.365255585576847],[9.625630303096045,11.368322610999769],[9.633074748900583,11.373443271589736],[9.636886441755905,11.3733797129035],[9.641118360823725,11.371552251834999],[9.644168726305736,11.366452926761212],[9.645852110586475,11.356196682231143]]]}},{"type":"Feature","properties":{"name":"Dutse","code":"dutse","source_id":"59680162B76882427234764"},"geometry":{"type":"Polygon","coordinates":[[[9.202028048255897,11.90468222100776],[9.226550036954677,11.908821296765495],[9.230000264400758,11.894658304637119],[9.222165789819371,11.89098742672843],[9.2123869548941,11.878985420940467],[9.215588580048973,11.875555201611292],[9.212333321125925,11.868596408597455],[9.206022924018782,11.863397780383309],[9.19828634423942,11.861179393913972],[9.195719403028079,11.848432346575578],[9.19019269044037,11.837621060263757],[9.187067168614988,11.834580513579908],[9.174044949414906,11.829246194756138],[9.152298245167913,11.829478431184725],[9.143934869398777,11.826556042827178],[9.138907563833072,11.793699412597846],[9.141563876072098,11.786665544179584],[9.142713325659486,11.772769133588668],[9.148214834746852,11.765552567896748],[9.14150220686139,11.75936458200988],[9.15289518906178,11.749420034407137],[9.157159506206312,11.741536160965097],[9.157363496728067,11.719222983653822],[9.16571921207202,11.706572205143175],[9.171219264257672,11.702619054325964],[9.174281855123581,11.702779360279294],[9.182605722775918,11.707339434767164],[9.181780342089155,11.710019929775967],[9.188665683874262,11.712817826781304],[9.192965621366397,11.72057342722195],[9.202528987722644,11.730494469244434],[9.225754626175103,11.735739992606625],[9.248879980326876,11.696680444147205],[9.248594764836582,11.690200768550653],[9.24370200684217,11.6897127442478],[9.244567208609851,11.678453129708203],[9.233943813156486,11.679651193947507],[9.233001830869853,11.67663773394429],[9.233344091256868,11.67311836392139],[9.235241202119823,11.672631777634479],[9.233513231250697,11.66305991538286],[9.237571816785987,11.66189970360847],[9.241170254303825,11.657135000979565],[9.241398688398817,11.645355392137674],[9.254468788403926,11.642700534102403],[9.273991099609589,11.644108900305525],[9.277752288337467,11.638741300270851],[9.2675384711236,11.630988206240772],[9.269142435375159,11.62713811413272],[9.281907228136106,11.613094105008997],[9.311695423704862,11.588821036961349],[9.318972922962075,11.580634053318931],[9.327360637083757,11.57711134771057],[9.353685268260563,11.572481700769913],[9.360311527055387,11.560817456060818],[9.37772813144818,11.561323036928684],[9.420423354754064,11.557914468777767],[9.43610008934769,11.582274644259485],[9.464425955793274,11.593599875134203],[9.480959505077124,11.61360751807257],[9.458317716389558,11.625247026029456],[9.45534868109678,11.65716876782443],[9.451271860008376,11.660787298894775],[9.447247577313874,11.676814652174528],[9.421112602364758,11.675381140027639],[9.427702283933286,11.702664426022466],[9.417092937688949,11.704494032873356],[9.414953820162737,11.71799248626428],[9.404893753743806,11.724639989743764],[9.406769885222047,11.728825198024538],[9.396316225113765,11.74620710837138],[9.39658123733426,11.752435912687247],[9.390937147031764,11.759269570434356],[9.391690059448706,11.761643128627554],[9.388806153081532,11.764174875769925],[9.385195303120781,11.763869186313968],[9.3732867809602,11.771694001277183],[9.366720429604186,11.772344623006006],[9.367780445211451,11.778052397000579],[9.36288254489358,11.786060281556786],[9.364477364838592,11.795841823441435],[9.371251301306586,11.804136315638516],[9.379605744109824,11.824097252286435],[9.389455362874742,11.833897938938776],[9.398406915047133,11.83397396312796],[9.396602463133206,11.845266419109976],[9.399517080448959,11.84608820430725],[9.39930592772646,11.847102017244367],[9.409706832704217,11.848961213589178],[9.400342251593713,11.866313764668575],[9.396374852817246,11.866262908906151],[9.395319555053447,11.86997518890388],[9.397708664323432,11.870589950166107],[9.397158002240076,11.876414982265658],[9.425767324202695,11.884645583027293],[9.424936193250744,11.88907359477065],[9.447130887580443,11.893299320207518],[9.449485945819788,11.900409801870921],[9.451765642670296,11.901358010164074],[9.451230862614295,11.904079073590424],[9.452157813632255,11.908404809034778],[9.454332583881694,11.910707186787306],[9.453736441283809,11.912941829401973],[9.444240849635548,11.910020311588141],[9.42779999977023,11.91050000097431],[9.392039179864298,11.9076529740056],[9.390050975771942,11.918854084948123],[9.40753250671986,11.94518647367687],[9.397991377000494,11.97539799632051],[9.389986312718179,11.973574961715144],[9.387487879162336,11.974824179392442],[9.381480764925413,11.996143405293992],[9.380414115019448,12.015722541961793],[9.377595892436545,12.020238772701248],[9.367015657246839,12.025403912860327],[9.359714136198477,12.02663132017932],[9.35614084192639,12.0297210822622],[9.350596889335009,12.029858078687425],[9.336701183812636,12.026397938913817],[9.328990955068548,12.043199021217902],[9.319290612971486,12.05688829725716],[9.301285194556158,12.042453851963728],[9.28328543917172,12.032021806161481],[9.277696420653342,12.025190085554073],[9.279088575677292,12.023730520946856],[9.278136791679628,12.022207665651308],[9.274581622344044,12.021563530732408],[9.266429842663172,12.013736784924731],[9.262527526923861,12.005265904198154],[9.260242480006468,12.005622021339263],[9.257390323304833,12.003445989341003],[9.252712785666574,12.00389235614739],[9.251857139195693,11.997419965059407],[9.249233154886213,11.996415614788816],[9.249950876831576,11.994066721402135],[9.223018089912955,11.989609094084472],[9.201046073117823,11.961946890436707],[9.207014629821344,11.956504681745741],[9.20745556202462,11.946301769710942],[9.207032223258523,11.924240605819364],[9.202028048255897,11.90468222100776]]]}},{"type":"Feature","properties":{"name":"Gagarawa","code":"gagarawa","source_id":"59680162B30447030328077"},"geometry":{"type":"Polygon","coordinates":[[[9.400371293400497,12.560063877945652],[9.405721791027872,12.549640381998074],[9.409926529885468,12.537059701144358],[9.400329667380277,12.532142341296037],[9.398178961190183,12.490801293744767],[9.383981480960642,12.471923506864414],[9.394451110330522,12.457170849055501],[9.406667084618334,12.452682950557744],[9.409448090556964,12.432191323071152],[9.3987378286879,12.408890841239383],[9.401772993828672,12.39762114080304],[9.42086829973232,12.384214412864935],[9.450351049561334,12.384552029152871],[9.465549236008485,12.37761508067149],[9.47665336226288,12.381423355203708],[9.534899997836703,12.367199997881642],[9.561268658022186,12.382865366843248],[9.57915090079348,12.39126295192375],[9.64818096438006,12.429421600926219],[9.641576639150628,12.439766196652727],[9.643074021149232,12.443804700326723],[9.652557442272212,12.45515395209327],[9.660044354063757,12.459958087295945],[9.665891274762544,12.466433083719892],[9.643331631049989,12.470126683000046],[9.643127950794337,12.476298101576162],[9.649107320046824,12.49236122808827],[9.646104492728227,12.509428607744098],[9.652224746175136,12.515983579078977],[9.665227813412912,12.535860440806744],[9.664062785768976,12.562655951610907],[9.611565231850022,12.562710426245246],[9.589415564776516,12.576495689624437],[9.562664740385515,12.578882877043213],[9.56614944424149,12.591058266725668],[9.566301559169688,12.601998988862306],[9.55516155086491,12.60254827588227],[9.551782778152756,12.594351620031262],[9.509469212734018,12.576933718816122],[9.475774586128296,12.592518009398646],[9.463094543678324,12.591445331337013],[9.452841023194708,12.588095373802503],[9.431629696153607,12.55541424177386],[9.41922893816502,12.56043682140222],[9.411008554601153,12.561264926135493],[9.400371293400497,12.560063877945652]]]}},{"type":"Feature","properties":{"name":"Garki","code":"garki","source_id":"59680162B71065109904105"},"geometry":{"type":"Polygon","coordinates":[[[9.145609148043775,12.325633019048666],[9.158421816213888,12.333562369407844],[9.166096811318823,12.340367035710187],[9.180423471066376,12.33727286874796],[9.216503254421696,12.33539211565369],[9.221209312259987,12.329819434219587],[9.238112096196346,12.320531765828378],[9.249458989041159,12.305871115859361],[9.283146478627145,12.317016817771957],[9.290627456691823,12.30720327621026],[9.313413025390844,12.298362505225498],[9.335579579933722,12.285481877087022],[9.341128298032572,12.29287861025972],[9.357361823589315,12.325737130863956],[9.367236168314548,12.336267932119426],[9.382869507921498,12.338897176563478],[9.389972491936987,12.33632109104559],[9.401213733327154,12.336998644771711],[9.407749925918381,12.330032817260758],[9.416788311231642,12.315087949149586],[9.43213280298653,12.327047732666756],[9.469584970669928,12.345165776779197],[9.505192448972366,12.350664793845226],[9.534899997836703,12.367199997881642],[9.47665336226288,12.381423355203708],[9.465549236008485,12.37761508067149],[9.450351049561334,12.384552029152871],[9.42086829973232,12.384214412864935],[9.401772993828672,12.39762114080304],[9.3987378286879,12.408890841239383],[9.371161736924648,12.41709767022138],[9.345760058380051,12.428203702139172],[9.324903662274266,12.427217232189548],[9.317357329577135,12.429016085823775],[9.308682020359015,12.434702702367872],[9.301729886824887,12.43214954326686],[9.287806906663434,12.430903376989306],[9.27926180398913,12.433322781721074],[9.276552256381592,12.432545226980665],[9.276892356597045,12.429944521622417],[9.25997402338254,12.429782009632106],[9.25975543686394,12.433288440209424],[9.254824163604326,12.440202534219623],[9.250072910336598,12.454519459705352],[9.242016799635621,12.471745138027757],[9.23459996031994,12.466425223645217],[9.224860030066395,12.464119759419418],[9.215756110256336,12.49151262330895],[9.202703718801615,12.488981767394705],[9.193278473023156,12.495196536890717],[9.191145184902382,12.519917535665797],[9.167385418402375,12.535119280730271],[9.158152276806163,12.535436403267454],[9.123801932912897,12.543356737923148],[9.108752505124073,12.529146278677842],[9.099638456249806,12.523191281952165],[9.095997880997459,12.524642752660952],[9.092381100007799,12.530329665082036],[9.091568261266275,12.534575479574755],[9.077586645307463,12.55034610698732],[9.06383103707276,12.559423054330523],[9.017976489123726,12.572913227663378],[9.01694927628813,12.582608458013965],[9.012064958431154,12.582364888328982],[9.008891935314637,12.58667952164268],[8.99994635104332,12.587234597598638],[8.996171510606757,12.580550432356631],[8.98183926696862,12.579144719153533],[8.969649441368688,12.57063622158438],[8.959893650671518,12.57148092870193],[8.952769126993644,12.578989366666008],[8.947279408917609,12.579281033892642],[8.936321783123844,12.568039610839435],[8.934663721953257,12.56099367082129],[8.922968626900683,12.541614380599242],[8.92962596176875,12.535285115715567],[8.92011877336273,12.521711935857184],[8.909931071561743,12.51440706123691],[8.898374255367628,12.500566494947805],[8.891392901960899,12.497242731966537],[8.877864803318062,12.480797871124878],[8.862281937261628,12.458137838790265],[8.877701839868053,12.427770231610964],[8.851551055736707,12.41961955989484],[8.830617324230161,12.401177184279675],[8.821081088621384,12.399937376208982],[8.82048081184007,12.402380275729172],[8.813617810113897,12.400087952397143],[8.804193558086297,12.392928247240889],[8.795099048782106,12.382300603390206],[8.782957593218384,12.366204737958356],[8.780027502167513,12.341198902307553],[8.755630468871118,12.343993654383667],[8.74686435330733,12.331983607757365],[8.751808166713545,12.32859993014273],[8.74023342073582,12.315799713086335],[8.734036876900404,12.305863261180605],[8.725051032679062,12.30549092296775],[8.723540749905737,12.294803306027802],[8.758340381603375,12.293422603870113],[8.761107338333034,12.287673561785482],[8.77460538163308,12.275354881322755],[8.787930363895214,12.277258450217346],[8.81600800306694,12.302004844947703],[8.82514513394085,12.302385559446066],[8.83962324401756,12.308195393003018],[8.909896060954509,12.300987923054265],[8.925527786278337,12.302276452796093],[8.927215847033779,12.299067213980777],[8.930195836069004,12.297752895279928],[8.930706230108456,12.30022277626017],[8.944633500935367,12.302607852070764],[8.945090358333402,12.304549491965531],[8.951029491917552,12.307062203158182],[8.955084094355527,12.306890882308437],[8.958103123860099,12.313822561661937],[8.972508905061943,12.315159742028527],[8.990652295666962,12.313672579026331],[9.015159644302173,12.320237595788456],[9.049213050042283,12.32265651218836],[9.057033264073937,12.324888042249427],[9.072215455179162,12.32620434395534],[9.083558321759199,12.32586328686125],[9.093797951314457,12.322241597371885],[9.106415454909381,12.324895655010494],[9.11505946682098,12.333239634201789],[9.123552731673271,12.338362526909123],[9.13853364371272,12.342232949990716],[9.145609148043775,12.325633019048666]]]}},{"type":"Feature","properties":{"name":"Gumel","code":"gumel","source_id":"59680162B20002653395444"},"geometry":{"type":"Polygon","coordinates":[[[9.475774586128296,12.592518009398646],[9.482040236567684,12.59304805542348],[9.496029853794766,12.59897041305419],[9.4984082971053,12.601365189851663],[9.498781129045938,12.622678447852138],[9.493682898447048,12.628244828635957],[9.481529766985204,12.632284882741203],[9.478423225351605,12.65263164473464],[9.47074164001475,12.681033671167029],[9.44351052638973,12.683617273218658],[9.438911954623052,12.705804163231619],[9.411578301197665,12.705410744910012],[9.409293461124378,12.701548624369593],[9.394123952258667,12.6941473721036],[9.392661942394795,12.695105430671163],[9.366585464747459,12.68963600309911],[9.349585329199613,12.682141134106075],[9.351154014845974,12.678106371611818],[9.350298368375036,12.673886034013321],[9.355500953606168,12.664109448292436],[9.330833272937241,12.661723913827586],[9.316333935262946,12.6621985822988],[9.317365383006063,12.659734440791851],[9.317003350124537,12.639068212627933],[9.315140757040353,12.621035255172956],[9.321554182279726,12.614396993126775],[9.322209332095042,12.604466021689575],[9.321609496880853,12.595026774366204],[9.316876876666583,12.592892878303758],[9.31767589282822,12.590846443108887],[9.32379972197964,12.583084943115693],[9.333171360969573,12.579154225886839],[9.34772187726287,12.57012187502454],[9.356519382763338,12.558045542068157],[9.344295932411399,12.539735177936166],[9.36671584306174,12.541967887907731],[9.400371293400497,12.560063877945652],[9.411008554601153,12.561264926135493],[9.41922893816502,12.56043682140222],[9.431629696153607,12.55541424177386],[9.452841023194708,12.588095373802503],[9.463094543678324,12.591445331337013],[9.475774586128296,12.592518009398646]]]}},{"type":"Feature","properties":{"name":"Guri","code":"guri","source_id":"59680162B66353567053476"},"geometry":{"type":"Polygon","coordinates":[[[10.325251021617419,12.811462194624653],[10.339596928655396,12.807342962407859],[10.362822863884105,12.805908977217598],[10.363870701771532,12.787414627083422],[10.351432558066165,12.774253022858773],[10.356607234636215,12.751371777985241],[10.360173004280796,12.744459295560091],[10.372595051920143,12.728071804270428],[10.360843660206797,12.716494267696362],[10.356565425154315,12.70861125310688],[10.36413074613705,12.67370702036277],[10.363560315156462,12.66904601316304],[10.359495991047197,12.667724220196646],[10.357784697206057,12.664037075350791],[10.368266372994754,12.658680186241668],[10.372544608946612,12.659515033192292],[10.375753284786299,12.655549484321284],[10.375539372943763,12.653671045182648],[10.370334186873265,12.651514300944257],[10.364487266174422,12.654158048754994],[10.363916834294514,12.64789649562681],[10.361349893083172,12.642539268372559],[10.35721426622547,12.640939035408223],[10.35257951113556,12.641913091116294],[10.353741848907248,12.6325391525599],[10.352838285658379,12.62563248335249],[10.348471062689441,12.611230744603233],[10.333712863258086,12.606968851131626],[10.325657496296458,12.607317324035307],[10.323039595001376,12.593426427187921],[10.320319056779113,12.588231655266725],[10.323639126244757,12.560074909029879],[10.314717595240893,12.536250391342548],[10.310517639877219,12.529549599434517],[10.322412424893571,12.518302782247645],[10.339311322859317,12.513940927331987],[10.341478962384258,12.515036121719675],[10.343329170904553,12.507770578049758],[10.348715531696485,12.498704321847015],[10.344334515825267,12.494094135336127],[10.348406010229212,12.493513720981468],[10.352056770303761,12.488891211959924],[10.355080056299585,12.487665954919919],[10.356220919160137,12.48376737226647],[10.34344325710066,12.488389972119592],[10.342473524433672,12.486552079814658],[10.339165022048178,12.486496385699695],[10.336141736052298,12.48360028722351],[10.33638239103459,12.480247604743226],[10.339107978950096,12.48209653083029],[10.340017609025494,12.480452389366349],[10.33557130417239,12.475914330282194],[10.336712167032942,12.474856100728516],[10.340016647650202,12.47716416939096],[10.341358872314174,12.476144449706624],[10.341560833066069,12.474299136196237],[10.345268637137963,12.472071267275226],[10.345953155213977,12.469286402345631],[10.349603915288526,12.467504071955432],[10.353768064144901,12.461154423937558],[10.363172054446807,12.452084535373046],[10.381150172142782,12.463731692963336],[10.393866037287864,12.465170574962087],[10.410978978397168,12.459484625714936],[10.425952801080939,12.45786004630412],[10.429619789421793,12.455969810758234],[10.433270454168166,12.443349837624964],[10.437836787038123,12.44091739362284],[10.451978731433371,12.439292699098814],[10.462317799027232,12.441845788052717],[10.512547510059562,12.468405565864202],[10.51568668089567,12.468194717112567],[10.538997579574698,12.477849174899575],[10.554571083688586,12.480819251607215],[10.55474138290856,12.472459115196045],[10.557714757430176,12.467142447366086],[10.562592969789762,12.470977758217032],[10.570082595735244,12.469947450814232],[10.572649536946642,12.477118399294739],[10.575786909138571,12.474820931840554],[10.578639065840264,12.47523865523982],[10.581206007051605,12.476909538944142],[10.583772948263004,12.481713270351179],[10.590760731822343,12.482270218695703],[10.594946714419393,12.485627047050627],[10.601678064391194,12.485110626654148],[10.603229472262399,12.487071303398011],[10.602510815921448,12.488344835146052],[10.605591947210655,12.488953508897339],[10.590513908390221,12.504948748286154],[10.59285267720935,12.510100014604063],[10.59490622963881,12.51132516462468],[10.604660605702463,12.510656901794619],[10.605231036683051,12.511714984758783],[10.605630339268771,12.514555080652485],[10.604375390212113,12.515000583210394],[10.598728119906866,12.514165265015038],[10.591654771250717,12.516225711647337],[10.591198425566915,12.518397513234675],[10.592510417721655,12.519845372266161],[10.595219967127832,12.521028711905558],[10.597049713373622,12.520150184883164],[10.598214732024303,12.522003222670662],[10.59770134324242,12.523854782871979],[10.594050583167927,12.525469667591153],[10.589715305017364,12.525692409876854],[10.589087830039375,12.527919819244289],[10.592416963771882,12.53267216788629],[10.598157688026902,12.534156457554502],[10.598100644928877,12.537608819091759],[10.594335797758902,12.540170217781395],[10.589087830039375,12.537107672780905],[10.58600750094547,12.538611109015505],[10.587001630420957,12.54250446031267],[10.595419618420692,12.552197317352352],[10.594630936368674,12.558712440626664],[10.599298550887454,12.558322012550889],[10.602550010174866,12.562609212944892],[10.601946039877873,12.564675815436601],[10.589601217921938,12.565226040449431],[10.585722284555857,12.568009870259345],[10.585950457847389,12.571573128097441],[10.593194935797726,12.582206932304132],[10.592087347852896,12.588785564802038],[10.596484422917854,12.590757267234153],[10.596496781401413,12.616869896728417],[10.588794794943908,12.642157220179627],[10.581006034700806,12.64781312667452],[10.582717329441266,12.653935537595032],[10.582337041221535,12.659686759636315],[10.586805419934251,12.663582674900567],[10.59631260923959,12.663304396780518],[10.600145113306382,12.695164374935985],[10.593805850659521,12.698625759371339],[10.593322819392654,12.70103194137107],[10.598615604826364,12.703082687016433],[10.598615604826364,12.70609687457113],[10.584117142192383,12.711429580011156],[10.580675638170192,12.736099911881468],[10.57639740311771,12.745335923214327],[10.57301012371829,12.761505400853594],[10.568658153251192,12.785689930645844],[10.569012755034692,12.793997229188847],[10.565744659188738,12.794402842317368],[10.563783800781835,12.797213138275765],[10.560877086708217,12.798027269343038],[10.558988916005717,12.80546858910418],[10.558079488277826,12.809467985759],[10.55305850404676,12.81111930201422],[10.55011658960899,12.813748851328455],[10.546284631430638,12.819259847364094],[10.546700570574899,12.82059243669164],[10.543462184732107,12.819578510439953],[10.537698451322512,12.823605224901257],[10.530122410420972,12.816594645326688],[10.527389092832436,12.817029189645439],[10.526557213644537,12.819694388085566],[10.524834036161906,12.817637553130623],[10.512801500189141,12.819578510439953],[10.503858800043645,12.814132202639087],[10.49506464991373,12.815870398799916],[10.49375741157536,12.814798513041012],[10.494621972126367,12.81080352486282],[10.501966274823758,12.80927388328314],[10.502964530388795,12.807048931762836],[10.499713071101382,12.803831989354876],[10.482714217087505,12.798936965968267],[10.48066066375867,12.791371742112233],[10.475218500933124,12.790039292179642],[10.464959542249119,12.799052851707813],[10.450175625804548,12.807018054439709],[10.436037750841592,12.817635923559067],[10.428311717411873,12.822379882425707],[10.419374959087122,12.824604697249015],[10.40958255429149,12.830537442049376],[10.385395140373475,12.841130544738917],[10.331009735011321,12.847262016329012],[10.325251021617419,12.811462194624653]]]}},{"type":"Feature","properties":{"name":"Gwaram","code":"gwaram","source_id":"59680162B43366957039329"},"geometry":{"type":"Polygon","coordinates":[[[9.62592342722445,11.236726420388038],[9.647550886764066,11.234087624244523],[9.66200587527095,11.228442901718608],[9.667596103377491,11.231436278961155],[9.672444769410617,11.222973615340152],[9.677649954581796,11.221295040633663],[9.684067308059866,11.22192450671065],[9.685208170920419,11.224372419051974],[9.68649164107643,11.223253376442244],[9.689557709620658,11.225841155844705],[9.693907249220217,11.227170006690528],[9.694905502986614,11.226260793900565],[9.696616796827755,11.228708669369666],[9.701051977966472,11.22944191631143],[9.700538512742241,11.231016647200533],[9.713159306956527,11.22989763067119],[9.713943649779651,11.23171603107005],[9.711804532253382,11.232345473764667],[9.71223235593851,11.235142985860136],[9.714300168917703,11.235982234092887],[9.715512336325332,11.244654321040116],[9.720860129691289,11.247521646606742],[9.725637492076658,11.245983084651698],[9.7247818447064,11.247591582385667],[9.726707051289452,11.249339936388992],[9.72635053125208,11.250878480357642],[9.739618356202243,11.2482204459169],[9.742819892324235,11.249275689721344],[9.745529440831092,11.247597269698304],[9.744602489813076,11.247247597098976],[9.745529440831092,11.244939748770435],[9.762493777965517,11.245753995850293],[9.765280625900232,11.250254763646467],[9.76713452793615,11.250394631607037],[9.76756235162128,11.253331833597315],[9.776475341763671,11.257038259907802],[9.77911358662277,11.261583813042591],[9.782821389795345,11.262492914316567],[9.788882223236044,11.26067470817128],[9.7899966082569,11.263412380277202],[9.79201959632735,11.26340201289264],[9.794301321149078,11.266618802415849],[9.794087409306542,11.270325056955869],[9.798151733415807,11.273262055699377],[9.802193755237681,11.27385387255822],[9.81084383037853,11.278296840926544],[9.813695987080166,11.277038154287425],[9.816262928291565,11.278576548968601],[9.819885758121302,11.277643914235284],[9.824922361777624,11.279555851321504],[9.841861830858875,11.229567457172436],[9.848592820202555,11.227716132593514],[9.86147058579894,11.198206727758304],[9.871984286445695,11.198592444285907],[9.873766883934593,11.196552336721027],[9.880956695694977,11.196144315208016],[9.878713744243953,11.193994992175192],[9.878297804200372,11.189273503769243],[9.873781889122938,11.186767004193939],[9.882664772661201,11.163841431736728],[9.883349290737215,11.147331659628435],[9.878058375893374,11.132527322278122],[9.890348657564516,11.106565613412386],[9.888989096669548,11.093950039762547],[9.855164527920692,11.076539993226163],[9.85293197622974,11.066160201632044],[9.85918221408798,11.055547455950375],[9.854320525871628,11.045450210658771],[9.854406357167704,11.037389755332981],[9.857819742087486,11.023190370339364],[9.859332086106917,11.01441955581788],[9.862929344613633,11.006400107778802],[9.868856429980326,10.999569892636487],[9.874032022060192,10.997348785717918],[9.881496112655498,10.989273191204859],[9.890393256743437,10.99102020341968],[9.929153422692366,10.991567538910829],[9.967114566184307,10.97083864508744],[9.985526601371589,10.95821580491554],[10.006312746036429,10.95566315842808],[10.010325577663309,10.970077216990035],[10.025363772020512,10.972932569882232],[10.046211933034328,10.965907423988483],[10.060280910935319,10.970013716759695],[10.08801497940783,10.99004089477154],[10.111928562353341,10.992182408991027],[10.111239117791115,10.962589713444572],[10.11991977707612,10.95423984459319],[10.13403987873744,10.947500228952435],[10.14811992639352,10.945369719736846],[10.151090621834783,10.947248459249067],[10.156319618355724,10.944319726174456],[10.163350105323161,10.944399835084369],[10.172739982564167,10.942210197242844],[10.18675994921233,10.944689751330998],[10.191410064722731,10.948200226159543],[10.220297377022405,10.946765754436058],[10.221513326978481,10.95371747068475],[10.20427298161286,10.97548634771681],[10.19534255721328,10.981848676175503],[10.184506633074704,10.985973008447615],[10.169103649413955,10.988797079321785],[10.155629407571155,11.005614535582424],[10.153594868608366,11.013602927333295],[10.161771051392975,11.029653672878737],[10.158783713997252,11.032718878073808],[10.16656772492064,11.047940455887385],[10.168825681560008,11.058146053297776],[10.171618419154754,11.061470086075644],[10.174827095893818,11.062811351162964],[10.178808230915195,11.07015904430449],[10.189215512985584,11.081697348853595],[10.209846112707964,11.092286615035277],[10.218497656441741,11.094665649200408],[10.22629355100662,11.094339116157357],[10.231379897064642,11.089534375710912],[10.248065013589553,11.079318210367148],[10.250679491165613,11.081743999386106],[10.25804756204542,11.083096834251535],[10.263751876348067,11.086548866636917],[10.269551260682192,11.087994977386359],[10.271737914573123,11.09401258311425],[10.27050197988251,11.098164192723345],[10.274433278972708,11.101524934927852],[10.27734715614639,11.107120272982286],[10.285238123440706,11.104134942873372],[10.291655476019457,11.12232632220207],[10.302398599116088,11.119994157104713],[10.30682574121505,11.122003112153948],[10.313522011331827,11.130535393193895],[10.316706918989155,11.130442109216006],[10.325844325055584,11.124834179753634],[10.32985815492998,11.125753140295217],[10.33187088623248,11.121766603945673],[10.331157846157737,11.118734780685656],[10.33234624538295,11.117428754633352],[10.334010002859372,11.118081768558795],[10.338478381572088,11.130628676272465],[10.33572006193134,11.143380165362373],[10.340310097333202,11.152649878788907],[10.346090317114488,11.159629822058662],[10.34644413019248,11.162845612435092],[10.364620209355223,11.179420471177878],[10.363360404858838,11.187470435911962],[10.366720200077225,11.202480316013805],[10.365910797645256,11.204780956276181],[10.363160133033773,11.207039832922021],[10.358460426207728,11.20812988318761],[10.346750259416979,11.20798969326978],[10.333522438110094,11.20568527225754],[10.322196006640468,11.2041978844249],[10.298810004678046,11.205750465011988],[10.279452532008804,11.203170238116058],[10.253278460832348,11.215305490156311],[10.250610352186072,11.219499588235465],[10.24709034004718,11.220600128193382],[10.235340118351814,11.223919867607833],[10.21306037873353,11.227100373083772],[10.200025558232994,11.226095199933582],[10.1896896355683,11.22220992994437],[10.175620079403188,11.224349975570988],[10.165049553294295,11.227669715884701],[10.159159660290129,11.231060027798094],[10.151791226084242,11.23912392572862],[10.145666386994208,11.240966179745442],[10.136514778833998,11.236219519315398],[10.129812210764953,11.237856044420937],[10.119931979077649,11.237383418310174],[10.12205457066193,11.247009584324928],[10.108176996371355,11.253577102101644],[10.090469856099048,11.26709715720807],[10.084171342633397,11.26966123497806],[10.062824455384373,11.266139299189376],[10.027722407762951,11.265232359885545],[10.01185685960644,11.261368384043749],[9.998535675181301,11.264628530782147],[9.991547552577515,11.270150736867038],[9.977170943584213,11.27721023596365],[9.96945355263938,11.278835765058545],[9.968274579208526,11.282995785127412],[9.964611795198266,11.281846203339683],[9.95765533772368,11.286293810411053],[9.94840538689914,11.296300804238797],[9.941470758668629,11.313944955095678],[9.912136626304289,11.317069227762715],[9.913697440184762,11.31993870180969],[9.918282961889247,11.347373859915763],[9.903520523053771,11.347459320691144],[9.882633209155301,11.35896968780088],[9.883483953421774,11.36759865135673],[9.885651592047395,11.370338918906043],[9.889473482315395,11.371401465205508],[9.888389661653605,11.381020120082553],[9.884453686088818,11.381299728299894],[9.879976272786791,11.388879776580495],[9.885144723350379,11.39634418823374],[9.885558271197283,11.406417543934538],[9.876164767889748,11.415382014868158],[9.876079890774406,11.42344247019389],[9.880074967086102,11.435524202679858],[9.876887729285329,11.445888277721906],[9.878001105266833,11.448499559107404],[9.874845178262433,11.452697158247304],[9.86887079215336,11.458267899843747],[9.864559282185155,11.458407665281584],[9.855712725861679,11.465970105735835],[9.801438171834207,11.443355710397782],[9.788003841004524,11.463325660950545],[9.765670284156329,11.447306231597338],[9.728047560046889,11.435693958709294],[9.716004303256057,11.43606873408487],[9.709563850691211,11.42934940265286],[9.712031630855108,11.418597241369639],[9.710589677671521,11.41778346463525],[9.706295544403872,11.420201791079819],[9.705974317360926,11.415823582892074],[9.70408264469836,11.413943809159491],[9.701167805250066,11.411719012322635],[9.68799742544087,11.408079715006863],[9.684450293346401,11.403330529280538],[9.685334883598046,11.390582786766231],[9.689348103732073,11.38456155407249],[9.684176460575259,11.380005054389812],[9.683175784934576,11.37332584621089],[9.681189720329371,11.370759067776817],[9.67148194263757,11.364611047761684],[9.66149939418176,11.363958593214534],[9.65940781212089,11.360696291700549],[9.645852110586475,11.356196682231143],[9.646091214238197,11.34986351608842],[9.64213384739918,11.347696313634003],[9.641058772644271,11.343713539148553],[9.641955587380494,11.332210826168762],[9.65485862482575,11.31622633637636],[9.660705547323175,11.30566856805001],[9.661499999425473,11.284899997936577],[9.634040383357046,11.250219102829362],[9.633525565552475,11.243899360866862],[9.62592342722445,11.236726420388038]]]}},{"type":"Feature","properties":{"name":"Gwiwa","code":"gwiwa","source_id":"59680162B64636531363939"},"geometry":{"type":"Polygon","coordinates":[[[8.242117851257888,12.826141564881368],[8.230117278989269,12.826155354186312],[8.210958039382035,12.817520348085623],[8.192468934094109,12.815703329944768],[8.178882607946036,12.811285219737158],[8.152061002413404,12.818632779779023],[8.14162553019412,12.811018202927755],[8.127836427609111,12.80111341974856],[8.127918637335313,12.796827571035635],[8.152304576594986,12.796827571035635],[8.162865770438998,12.763920262210377],[8.172108300957348,12.751146484322817],[8.180168854309215,12.756107496363938],[8.181963563867441,12.7503263619721],[8.179178141358193,12.748494532896416],[8.18489826574239,12.735066746433233],[8.185127751144876,12.732469972910962],[8.166788755296864,12.728950090274509],[8.144535414377913,12.721262380554492],[8.143331459579258,12.715329469379583],[8.153890102046603,12.690600001688779],[8.160023516172373,12.683965513197904],[8.17269937227826,12.684830854360484],[8.189416213287643,12.67851479871905],[8.208299997746735,12.678699999705259],[8.219545000101732,12.68195130161132],[8.222448902894598,12.689318446189361],[8.225681346916701,12.691451683948117],[8.234160112898962,12.69272161660939],[8.239609378570037,12.691312559726896],[8.244125293647414,12.693306657076619],[8.25231878028751,12.693652369960944],[8.253489874757975,12.687046067122367],[8.258308639232382,12.681138753350808],[8.261517079449732,12.67299525642602],[8.283726334702635,12.672614141729298],[8.282860843353262,12.650985029235756],[8.310699999405472,12.645700001354044],[8.314560047008626,12.64861019490462],[8.324448713437448,12.649441032677544],[8.329715595698246,12.643995697043806],[8.344135585289052,12.652910522702484],[8.346767235419634,12.671709321228263],[8.375520787054711,12.675458414074626],[8.385656639342471,12.693329358662993],[8.402709187379116,12.705925830712545],[8.403499998126449,12.723200001378984],[8.400199997931622,12.74020000202853],[8.401236293919851,12.745342656438481],[8.398323896130933,12.773437515828732],[8.393642618212311,12.792487373593474],[8.398377832970652,12.825942683408186],[8.370633503233648,12.825492111371886],[8.360830317365298,12.824051433426973],[8.352394484118179,12.825465740551522],[8.337479200105065,12.836011287990573],[8.292329120792317,12.829145269038975],[8.260585566171017,12.83010444456454],[8.245017770054119,12.8278970298241],[8.242117851257888,12.826141564881368]]]}},{"type":"Feature","properties":{"name":"Hadejia","code":"hadejia","source_id":"59680162B39799007570945"},"geometry":{"type":"Polygon","coordinates":[[[10.052071313840088,12.43185988062902],[10.07383697579587,12.439173966105727],[10.079427203902412,12.438561221123507],[10.088538654635272,12.45255677477536],[10.088752567377128,12.455689948032727],[10.084138733216037,12.468955752206227],[10.08109699043382,12.467181739645639],[10.072591451634253,12.468328680124557],[10.071169099174654,12.473010281799134],[10.079292204871422,12.482823604825569],[10.073081040757472,12.4964773180738],[10.067850304947683,12.500214244891538],[10.065503666161305,12.496779191706366],[10.06566515292451,12.49237778190917],[10.067946356139487,12.48821846600947],[10.062048478054862,12.484691899611505],[10.052296039130965,12.472318004372426],[10.047010041780027,12.47764628964461],[10.041705030063156,12.472206610746525],[10.043106032617345,12.462124236644229],[10.042084010668589,12.461033459726423],[10.043201105346782,12.459873053698516],[10.038304651138787,12.454513113189648],[10.03263700219594,12.460123657880558],[10.029644421752721,12.457167330907623],[10.028099934164686,12.458392420673704],[10.023569726162009,12.455954992628847],[10.024162187834747,12.454324156634584],[10.019225123840442,12.448559197449072],[10.022318205320971,12.440901041250129],[10.024684118377422,12.442912017075969],[10.027664355625575,12.440562275628565],[10.032954668822981,12.440500744913493],[10.052071313840088,12.43185988062902]]]}},{"type":"Feature","properties":{"name":"Jahun","code":"jahun","source_id":"59680162B13393519160177"},"geometry":{"type":"Polygon","coordinates":[[[9.319290612971486,12.05688829725716],[9.328990955068548,12.043199021217902],[9.336701183812636,12.026397938913817],[9.350596889335009,12.029858078687425],[9.35614084192639,12.0297210822622],[9.359714136198477,12.02663132017932],[9.367015657246839,12.025403912860327],[9.377595892436545,12.020238772701248],[9.380414115019448,12.015722541961793],[9.381480764925413,11.996143405293992],[9.387487879162336,11.974824179392442],[9.389986312718179,11.973574961715144],[9.397991377000494,11.97539799632051],[9.40753250671986,11.94518647367687],[9.390050975771942,11.918854084948123],[9.392039179864298,11.9076529740056],[9.42779999977023,11.91050000097431],[9.444240849635548,11.910020311588141],[9.453736441283809,11.912941829401973],[9.459136166900635,11.914792632374144],[9.458660806850787,11.918141462158815],[9.465696126774901,11.92130420782297],[9.473248679183257,11.935490682149293],[9.5146975230723,11.94697703106516],[9.542729723098319,11.965868404903006],[9.54072159002942,11.973642088911333],[9.581866309282816,11.979906352596117],[9.579613953621106,11.973147717193456],[9.58071584885738,11.963050416143858],[9.586288838758946,11.942775894891668],[9.595022621896533,11.93356246643475],[9.60054295739161,11.930849526584439],[9.614824111443625,11.929880999908278],[9.625208310615108,11.93254679459892],[9.633723730266013,11.937376126107381],[9.636176608663618,11.935093876081567],[9.65170660267762,11.930814610406003],[9.664251400581747,11.936409178640758],[9.672970234288925,11.936712440826511],[9.677291704248773,11.931805773018084],[9.726405335937557,11.948772345867098],[9.737886207982172,11.955756949423744],[9.754361224890658,11.947519387909495],[9.774550439151483,11.949827451175963],[9.783215297348136,11.953795608980215],[9.79423700523364,11.963865981629795],[9.809998982067441,11.96445573994049],[9.807163772190393,11.973699060063609],[9.808400000959352,12.006800000119938],[9.814399998860893,12.011999998001556],[9.822500001873664,12.023800000769484],[9.8198534301917,12.02993038687788],[9.816852724373803,12.031615717291572],[9.813406367609844,12.029465467057719],[9.802532519959868,12.027489545905894],[9.796599999090745,12.04960794984703],[9.79566550725741,12.071225353167563],[9.782473127332992,12.124810646993808],[9.769821858691898,12.125927461982826],[9.733919371282013,12.123775493144535],[9.730841828287794,12.136378708310815],[9.72482826591181,12.146267729971783],[9.713629468025601,12.145477940854335],[9.70608313712711,12.14193443212838],[9.69655619421303,12.140579893947006],[9.691270196862149,12.140784374599264],[9.69062430466795,12.141972700979409],[9.694050728858087,12.145018410671184],[9.689999501575812,12.147372904136262],[9.690191243331242,12.142829307026943],[9.672039908115323,12.139417201842434],[9.653454686884345,12.130989749377477],[9.6524783199186,12.1363232300331],[9.64601343187445,12.141342322989885],[9.638061511229807,12.136270406554047],[9.611322541702009,12.13794345042993],[9.60956979810777,12.138737090444408],[9.607490099688391,12.146346952150168],[9.608250674329213,12.148949359025721],[9.606859789148018,12.155688068149857],[9.599100002363286,12.15810000221336],[9.580422638394111,12.160568074656965],[9.550729469689315,12.191568783872299],[9.531675189058774,12.20831820911809],[9.49930857602999,12.206979130282662],[9.488375308373804,12.202983438834679],[9.474780027676161,12.194898951825223],[9.461414110073179,12.182105107364862],[9.459595759137017,12.18630891272619],[9.454723324921531,12.183811418961852],[9.449791469800516,12.185205372629866],[9.446971499834888,12.183704937432992],[9.444647659761756,12.18570905862623],[9.438474448836814,12.186318593028716],[9.435622293034442,12.185098891101006],[9.43271071632654,12.18132358211767],[9.429026680437005,12.181033171243882],[9.425104965421838,12.183414528357844],[9.424213666227786,12.177954799974088],[9.422015127795987,12.176444642206548],[9.418449931918872,12.176735057576877],[9.411794900214545,12.186434754860102],[9.405971746798741,12.189396867171752],[9.406447105949212,12.194682122581924],[9.404559625026707,12.19752446138483],[9.402822490065887,12.197121435605823],[9.403832629272472,12.194391726996628],[9.402489197718353,12.193719410922142],[9.399435554207514,12.197527985827946],[9.395573258299294,12.19903802308636],[9.392602261585125,12.197295672057692],[9.395454419186137,12.191720069625546],[9.39491963913008,12.190035750049901],[9.388383447438173,12.188816064309947],[9.386006648987689,12.190209990098992],[9.388264607425754,12.193230140158903],[9.384758830655585,12.194565964347817],[9.382010140955288,12.19131803130216],[9.377196793097596,12.189029177554573],[9.378077065704076,12.181161687961605],[9.373988975211091,12.17832726589063],[9.367010560788799,12.183195351884024],[9.357476664316664,12.183133799585221],[9.354743346728128,12.185166652319197],[9.350702791700542,12.1808105242863],[9.34648397665427,12.182727227779367],[9.34173038155194,12.182901473224433],[9.341433283319418,12.174769907605196],[9.338937645755777,12.173898651601519],[9.34095792326957,12.176977071434749],[9.338759385737092,12.17813872931896],[9.332936232321288,12.173375899977827],[9.335966649041666,12.165708723578803],[9.339893885894185,12.160340890619636],[9.348799858626649,12.138952538329022],[9.346952312099575,12.131920455964348],[9.34894579521233,12.118522725743276],[9.31981888283525,12.100229216705031],[9.322880205656986,12.071435579588353],[9.319290612971486,12.05688829725716]]]}},{"type":"Feature","properties":{"name":"Kafin Hausa","code":"kafin_hausa","source_id":"59680162B31389051207927"},"geometry":{"type":"Polygon","coordinates":[[[9.769821858691898,12.125927461982826],[9.782473127332992,12.124810646993808],[9.79566550725741,12.071225353167563],[9.796599999090745,12.04960794984703],[9.802532519959868,12.027489545905894],[9.813406367609844,12.029465467057719],[9.816852724373803,12.031615717291572],[9.8198534301917,12.02993038687788],[9.822500001873664,12.023800000769484],[9.814399998860893,12.011999998001556],[9.808400000959352,12.006800000119938],[9.807163772190393,11.973699060063609],[9.809998982067441,11.96445573994049],[9.819941434249813,11.960417847805502],[9.834000474642266,11.962886214327398],[9.851336239875593,11.961255676908024],[9.862506959128893,11.964745363008149],[9.878252766152286,11.963475821551981],[9.887910465095956,11.959913584444394],[9.891316594285456,11.955858447809192],[9.894777210699772,11.95001831519312],[9.896717891917206,11.941129512317161],[9.898742129146001,11.938050688688406],[9.90872467670249,11.94316650193258],[9.923401401153797,11.943805972067992],[9.923579660273163,11.946654500904515],[9.926312976962379,11.94793342228968],[9.92666949699975,11.949677396594609],[9.930353532889285,11.950084321834026],[9.93148251120897,11.95182828264916],[9.933681048741448,11.94956113313981],[9.934512927929347,11.95200267828102],[9.939682462175938,11.950840040135802],[9.94140563965857,11.953630363050877],[9.950318629800961,11.95519990844906],[9.951685288145597,11.955955610563024],[9.951507028126912,11.957757663985035],[9.95970697909388,11.96037352741638],[9.960538858281723,11.95514177717132],[9.962656660976165,11.953920695683621],[9.96780805499776,11.954364679286584],[9.97043203930724,11.96173097490464],[9.973341239106958,11.96413055857846],[9.976307482004756,11.962735453778237],[9.983961797199242,11.970164876407978],[9.99658060391181,11.975133765610849],[10.012213758258383,11.979009284251106],[10.0166648214244,11.982664987898943],[10.021542688444356,11.983252446643121],[10.023681805071305,11.98046243039687],[10.03122813686906,11.978718653043472],[10.037211168160923,11.974598910011764],[10.03786252913244,11.976182007293858],[10.041270105331137,11.976335474802397],[10.0445976211833,11.981101809700817],[10.04578602040857,11.980113675106054],[10.046142538647302,11.981276187346225],[10.048103397054206,11.981159935582582],[10.047628037903678,11.977498004129643],[10.05101497376205,11.979009284251106],[10.05404538958311,11.978079265645647],[10.054164229595585,11.981741190803348],[10.060522163067446,11.98633305902348],[10.062898959719291,11.985344940616585],[10.063374319769082,11.983601198336657],[10.06640473559014,11.983601198336657],[10.066998935652407,11.984996194318967],[10.063631534867511,11.986282099839059],[10.065275758169776,11.988367404632072],[10.064562718095033,11.989297388164005],[10.067119802736784,11.9899008125725],[10.068187333978301,11.987786164699799],[10.070148192385204,11.988599900065367],[10.069494573216048,11.991912944027206],[10.074782946575795,11.993772881413406],[10.077278584139378,11.992145435863222],[10.0789423416158,11.998422664174655],[10.08019015994796,11.997318347963414],[10.07971480079749,11.995284069804029],[10.083042316649653,11.997608957587374],[10.084772837996127,11.996937952724409],[10.086607513426031,11.991738573576356],[10.089103150090352,11.992203559946404],[10.090410389328042,11.995342192088515],[10.092727765973677,11.994179739203673],[10.095401662656627,11.99970134184349],[10.092014726798254,12.002723643981028],[10.092014726798254,12.005978392988482],[10.097060204065201,12.012109755760662],[10.09587001788708,12.014399530414039],[10.096590061881898,12.018706410672337],[10.100392936884589,12.01638170275345],[10.104730591943337,12.017137234895529],[10.10550305112497,12.015509933236899],[10.108652307857767,12.015509933236899],[10.109840706183718,12.013882620786376],[10.11192040370372,12.014870633073315],[10.113346482054567,12.013475790875077],[10.118159497163106,12.0133014348134],[10.121011653864798,12.01521934159939],[10.124636269748123,12.014405687172768],[10.127191327317973,12.016149230702467],[10.124933368879908,12.017137234895529],[10.12534930892349,12.018357704844277],[10.130340583151451,12.018590175096563],[10.131350722357979,12.019868755638583],[10.132123180640349,12.021379799238389],[10.129449283957342,12.024401857659655],[10.131957926617076,12.028248419928673],[10.134381138179037,12.028295614551041],[10.135866637435413,12.025389831275731],[10.139134733281367,12.023297649367066],[10.142759349164692,12.024576207426094],[10.144660786666009,12.027540114784529],[10.145314405835222,12.025157367318684],[10.154999855159247,12.023297649367066],[10.157670542161839,12.027465006105217],[10.156782452648144,12.030213415216963],[10.159099830193043,12.031027022878845],[10.162287273039283,12.036740154134861],[10.164925517898382,12.03687962639367],[10.162109013919917,12.039738795109372],[10.162427346045206,12.041661813641838],[10.164566463571475,12.042417275636808],[10.167240361153802,12.040673901179673],[10.174489592021132,12.039453532854282],[10.176272191308612,12.042707836697332],[10.174905532064713,12.046194547840173],[10.17074613702465,12.048460887060344],[10.168904118630223,12.051540752104074],[10.166289641953483,12.05026232084947],[10.16569544189116,12.053981373641534],[10.16819108035412,12.057003067837343],[10.167478040279377,12.059211204733344],[10.162590078369476,12.065710809306438],[10.152493027331388,12.089872270588842],[10.152797672674524,12.102385597617285],[10.156847736234113,12.119731160065044],[10.157304081018594,12.12937948897229],[10.163999334002085,12.13895243041037],[10.165849686413935,12.151109695156379],[10.170390128701513,12.164979934576365],[10.162219073851247,12.18323637266053],[10.151511500055733,12.20227206070706],[10.147536091017855,12.238220385662316],[10.175018866427592,12.273441366825693],[10.1798493598601,12.287963031069069],[10.19624093407191,12.311024865205411],[10.199378306263895,12.31348632403467],[10.202349302978007,12.311558957280113],[10.206627538030489,12.311860835409277],[10.205534210635335,12.314229400566433],[10.206152177980698,12.319291559358021],[10.20356146858694,12.316830155387436],[10.201992782940636,12.317178469111127],[10.204512187787259,12.324260739041904],[10.196383541367368,12.321311751436212],[10.197505389861874,12.32472978764963],[10.194995491748614,12.328129204299387],[10.195166621042802,12.331435696700112],[10.19168699026244,12.330897002794472],[10.19073720096111,12.337688227829517],[10.191727136897896,12.340525581690315],[10.179694602723771,12.3437297941947],[10.162244244076646,12.344773556354596],[10.150360257220143,12.347791934750035],[10.138713951287855,12.351158545930218],[10.126400001259071,12.35799999900081],[10.114275500613928,12.373543156391577],[10.101642165353724,12.38653039825931],[10.066192554942518,12.37375310312325],[10.035115537352226,12.375788319275557],[10.017146949771984,12.373838195176631],[10.015287058251204,12.37081114371938],[10.015972528709256,12.365453207799362],[9.99296513143571,12.353148124186646],[9.991115016444894,12.338940906098003],[9.985869743993533,12.337774818153378],[9.976438360342115,12.324819583157307],[9.969249170013256,12.321902286761201],[9.969297656062054,12.318481379911816],[9.957933085243724,12.316204673307084],[9.954925621020664,12.300077208396488],[9.954561007084862,12.287525850837369],[9.95649218426695,12.279208177715304],[9.9524492442373,12.276536196588268],[9.949478246623812,12.277000685633197],[9.94520001157133,12.273052505368867],[9.934623263952517,12.272123511990515],[9.926660993010444,12.266897868142166],[9.924353249003275,12.267130886980908],[9.920332771340384,12.261410830945124],[9.891514104292526,12.253717173109123],[9.889610359130813,12.247024655863243],[9.885667880568292,12.244923174964583],[9.882267631146306,12.244950142035464],[9.885950988947059,12.234860396190356],[9.859733951760518,12.223038749438786],[9.836078351035098,12.21320454325513],[9.831753172271135,12.206713425584155],[9.825563741173767,12.203266823305285],[9.819955629149035,12.202023381074241],[9.818062156943029,12.194849786788268],[9.804012154737222,12.163442238668438],[9.789065230775805,12.150008923173289],[9.767087908879944,12.149792254908675],[9.764128795807324,12.146202332171924],[9.764620266312306,12.140449610960843],[9.768704889019489,12.137061221797978],[9.769821858691898,12.125927461982826]]]}},{"type":"Feature","properties":{"name":"Kaugama","code":"kaugama","source_id":"59680162B31064170938287"},"geometry":{"type":"Polygon","coordinates":[[[9.68073348975878,12.820853580028768],[9.69191428681495,12.80497093126354],[9.700557637724842,12.802607083949795],[9.728725865606236,12.784007024804396],[9.743695056781519,12.754058211217512],[9.746239426808131,12.745727016788464],[9.749771270427857,12.72526214593131],[9.74910165142012,12.714721450334707],[9.764733713090436,12.71667718980052],[9.777188300899411,12.697939873426492],[9.7912898828219,12.666626430365511],[9.793571607643628,12.66616263919451],[9.796091013389628,12.663240738269508],[9.799418529241791,12.654799501895525],[9.795482118405062,12.647162594877898],[9.795835587942065,12.638454526954888],[9.787530417195057,12.63151463769043],[9.780500001274106,12.628100003612303],[9.780500001274106,12.61957796585051],[9.765442960724101,12.609182650159255],[9.74082373013107,12.599001409087805],[9.70906511456343,12.58416361066213],[9.702527557700648,12.579888344271694],[9.703641740374053,12.577122869624759],[9.698308742654376,12.564490620745573],[9.691059510887783,12.562953698254603],[9.688153846323019,12.569080219076909],[9.664062785768976,12.562655951610907],[9.665227813412912,12.535860440806744],[9.652224746175136,12.515983579078977],[9.646104492728227,12.509428607744098],[9.649107320046824,12.49236122808827],[9.643127950794337,12.476298101576162],[9.643331631049989,12.470126683000046],[9.665891274762544,12.466433083719892],[9.660044354063757,12.459958087295945],[9.652557442272212,12.45515395209327],[9.643074021149232,12.443804700326723],[9.641576639150628,12.439766196652727],[9.64818096438006,12.429421600926219],[9.57915090079348,12.39126295192375],[9.606953459834358,12.350193025687645],[9.601109674172164,12.345664520101593],[9.60219941417165,12.339344196277693],[9.601038101627125,12.3363723982676],[9.601997501083872,12.331272736847382],[9.609888248044285,12.330623796850773],[9.607813550754827,12.327986159933403],[9.611084540619117,12.324486282715839],[9.628571827228086,12.327226255287485],[9.64989169884285,12.333425917971795],[9.672167240425836,12.333605391175922],[9.679119791245398,12.32049676331502],[9.685453324311538,12.316233573021009],[9.68602341085176,12.30654211082981],[9.684029516748865,12.287102285442188],[9.69011895222792,12.286403816183224],[9.71789268889654,12.293532111617708],[9.742117529900156,12.304572706165516],[9.77298955332526,12.286541702937313],[9.77844861711003,12.285219356887865],[9.788202993173627,12.296700901625343],[9.795333384927801,12.312584738395003],[9.812503368235923,12.309017924637544],[9.820318278066111,12.305395331329521],[9.823911995042579,12.304169210940358],[9.828931791269213,12.30522813297199],[9.827733885310636,12.314256664413563],[9.82517169791555,12.31633727024888],[9.827453422737335,12.318705795835854],[9.83928987412844,12.323895579217663],[9.8397533487381,12.326159546925624],[9.838398574934331,12.32762240844744],[9.842355941773349,12.329259410193686],[9.840680299756059,12.332637869042458],[9.843068980948772,12.335493852359434],[9.846420265882614,12.336469059199771],[9.861928867723122,12.33072225282973],[9.860431485724519,12.336747689854064],[9.862427995055953,12.340300192699772],[9.861465392214143,12.341101242228603],[9.860146270234225,12.338698089145566],[9.85904105919758,12.339081202135844],[9.858078456355713,12.340648474947216],[9.859575839253637,12.343051609144482],[9.873515755447784,12.346499546017299],[9.875619220250883,12.341101242228603],[9.877618800767095,12.340092481682746],[9.885319624401177,12.342098582283768],[9.887601349222962,12.345386324719186],[9.896614165911103,12.34995566222409],[9.887559323903702,12.375121729184514],[9.891087803159621,12.383235955874738],[9.900947196655864,12.384674149892135],[9.903989497017733,12.390988522002715],[9.915990944326666,12.403856943643063],[9.934054602837705,12.41134308561493],[9.938556257365406,12.414181961128634],[9.936797427159604,12.415946085643384],[9.92964326722307,12.416062147650052],[9.922389633275031,12.4213795160519],[9.909793284432567,12.426948789055416],[9.892247022082472,12.439141169629352],[9.834141305776711,12.425480432675897],[9.804356872971368,12.411525699251683],[9.790009057571979,12.402877617008471],[9.760454481589079,12.429641582293243],[9.751741519555537,12.425867651071314],[9.749017972201727,12.42879985642827],[9.742175833847682,12.442713227333627],[9.756557219140404,12.45533355390046],[9.761762405210902,12.464802482448647],[9.768536277827025,12.472112815054402],[9.776305356407136,12.478035786022758],[9.797715679135308,12.488259395055081],[9.801725239028599,12.491913761411013],[9.783756652347677,12.512171196443603],[9.797171446305242,12.519962197797213],[9.802506078093074,12.513946413196436],[9.826526165949872,12.527361014699125],[9.826786114087952,12.531690191848952],[9.823843751787763,12.539496346779003],[9.81899760295704,12.54022854511129],[9.820815965584416,12.544549263237968],[9.827589838200538,12.552762133865428],[9.831525294856533,12.5661141803252],[9.824329004380104,12.569335186769479],[9.822439448721639,12.576822338680017],[9.82781695299002,12.579548050702044],[9.835303863882245,12.581026882384776],[9.842440906122988,12.579392065091781],[9.843664079433779,12.581967199127007],[9.84814697320428,12.580467809841593],[9.856122926431965,12.589183299869433],[9.85099559467102,12.601531287439002],[9.854123297352317,12.603901388638235],[9.857646538057338,12.611257796210396],[9.853067989696001,12.625286892775932],[9.862057127234664,12.642068037110278],[9.862164720325609,12.665031601427302],[9.851496624069966,12.675831178566114],[9.849300464344992,12.68696150297103],[9.824373905731193,12.702648486238672],[9.82368862143278,12.70476144878188],[9.827952589640347,12.7086609964079],[9.819387938402656,12.712629980689087],[9.814761368042753,12.719382905396799],[9.81282260687783,12.728933371877645],[9.80579694207529,12.738369281816972],[9.770858021580466,12.769200760206957],[9.765183857948728,12.796216203814822],[9.74833065183816,12.79819870080945],[9.71426846961424,12.810221087932916],[9.71399258279149,12.813919089394517],[9.71123214524738,12.81399926755222],[9.70482665382707,12.822606645580265],[9.68073348975878,12.820853580028768]]]}},{"type":"Feature","properties":{"name":"Kazaure","code":"kazaure","source_id":"59680162B26576505992161"},"geometry":{"type":"Polygon","coordinates":[[[8.344135585289052,12.652910522702484],[8.352278917637989,12.643635414243022],[8.355530376026081,12.634395710293859],[8.35890415030633,12.623042574355395],[8.353130306718356,12.621450026997195],[8.356255073113175,12.61492415232783],[8.360381955862636,12.608562597286095],[8.37082100018904,12.602071660378897],[8.386463115380536,12.609995911582075],[8.398762402862644,12.586845085032678],[8.422412650823219,12.595326515706176],[8.448911068790835,12.59847941109598],[8.45390234301874,12.590847911701815],[8.458427349342742,12.586906936805747],[8.49243279873474,12.601892556796088],[8.495969472613126,12.594377140992322],[8.507720358907477,12.595267868217604],[8.53197406904809,12.600740378665591],[8.55601864004825,12.602577516439283],[8.599816193862296,12.597148871323384],[8.611224820669008,12.594588039206712],[8.640747477014486,12.592996530565472],[8.644367963210982,12.612484216073767],[8.647794975557701,12.618468563973124],[8.648525591982548,12.636747867320253],[8.65445818299878,12.645194942092928],[8.656849299555574,12.64510140360693],[8.657713931153069,12.659410131772233],[8.683235757324383,12.663157559074136],[8.698113684399061,12.675193265157134],[8.701111221006101,12.687008151704902],[8.688016502059952,12.688210581253372],[8.683581139258195,12.708047621900278],[8.67808148996886,12.71255634689794],[8.67672870906273,12.715904373588046],[8.668633008406687,12.719465191565405],[8.659117586707282,12.716662585709798],[8.6574730387498,12.712473406922243],[8.645377686031452,12.698038011944732],[8.62855238498463,12.701346212158],[8.623384186231249,12.685062904629376],[8.60466562881578,12.695441225831928],[8.594768642758709,12.695545768422505],[8.585291384689697,12.667315391991792],[8.567614109103886,12.6680123665775],[8.549041583602275,12.659894934703516],[8.542945653219363,12.64503294271617],[8.537871376063208,12.646510045901948],[8.536881268355899,12.648858297172751],[8.539059681758943,12.654945644425993],[8.538992766802778,12.661925502260146],[8.524413614296918,12.662986183365717],[8.524135714791441,12.675447956757864],[8.537062122019393,12.67974949684185],[8.54288801926674,12.678446061736395],[8.546398536363427,12.675185781898392],[8.55395801535019,12.676443909159104],[8.55205142293488,12.685516791566727],[8.54059525976345,12.690478932256951],[8.546410427199532,12.713437902836972],[8.53934628580248,12.725162412915097],[8.536421411718834,12.725582559987231],[8.519276290168705,12.73906360160396],[8.497525946365386,12.749040865643508],[8.491659889892048,12.749750089894803],[8.469526921430315,12.739088320369717],[8.466386084150486,12.726568368935148],[8.468081068786319,12.721147624363425],[8.464949903715137,12.71904534126952],[8.445658345955962,12.714830546192786],[8.4226713291186,12.706278430605153],[8.402709187379116,12.705925830712545],[8.385656639342471,12.693329358662993],[8.375520787054711,12.675458414074626],[8.346767235419634,12.671709321228263],[8.344135585289052,12.652910522702484]]]}},{"type":"Feature","properties":{"name":"Kiri Kasama","code":"kiri_kasama","source_id":"59680162B41078826165134"},"geometry":{"type":"Polygon","coordinates":[[[10.188381075226516,12.69538705426919],[10.185335487842565,12.6719837088811],[10.171879068764042,12.656894851216464],[10.162951818971294,12.65634784397787],[10.159311242819626,12.65363525756112],[10.153457768761086,12.64649687533057],[10.151546001646693,12.639602668028772],[10.156784375398672,12.634357584435008],[10.165609356086975,12.629017163711183],[10.170748992372125,12.622621172728998],[10.180090665951525,12.605688882036304],[10.172683187679013,12.584774232345012],[10.17706934587369,12.575685806055162],[10.148904297994989,12.566290541875048],[10.13528746864182,12.563589824710675],[10.13340349327666,12.566183597195277],[10.128510561713085,12.562578974140365],[10.122454482088699,12.553837463128446],[10.111245291636976,12.558487414962258],[10.108220945340406,12.572287407437955],[10.102946155340817,12.581064762728658],[10.09131630160607,12.57512848359272],[10.087485744571495,12.557905290097096],[10.06274314857751,12.557088425090797],[10.060906250023493,12.542504436930244],[10.056651933340106,12.542786393277481],[10.053434901899266,12.534125153952743],[10.05764778321867,12.5287008462671],[10.05316351708268,12.516271882841181],[10.056758938274413,12.496627825014173],[10.062048478054862,12.484691899611505],[10.067946356139487,12.48821846600947],[10.06566515292451,12.49237778190917],[10.065503666161305,12.496779191706366],[10.067850304947683,12.500214244891538],[10.073081040757472,12.4964773180738],[10.079292204871422,12.482823604825569],[10.071169099174654,12.473010281799134],[10.072591451634253,12.468328680124557],[10.08109699043382,12.467181739645639],[10.084138733216037,12.468955752206227],[10.088752567377128,12.455689948032727],[10.088538654635272,12.45255677477536],[10.079427203902412,12.438561221123507],[10.07383697579587,12.439173966105727],[10.052071313840088,12.43185988062902],[10.052537321839964,12.421141549143215],[10.070520238318409,12.422465554441828],[10.087134269730825,12.42780710561351],[10.089617564099342,12.431783805178497],[10.106912994738991,12.416879752798422],[10.120246043919849,12.420307174336699],[10.143606156199212,12.422277453141987],[10.197556820291084,12.433516775378905],[10.225000978812147,12.433852896094322],[10.240465345699192,12.434042293317248],[10.258073357299622,12.459621498933075],[10.288054970960218,12.455457592893652],[10.302706330932494,12.448556763883573],[10.32571372910536,12.44280082220024],[10.339213937073566,12.441315396688253],[10.34425865081613,12.444664923447533],[10.347732664430964,12.44490286877243],[10.349772763002647,12.443367663087258],[10.352200000829441,12.445216949802443],[10.357761924573197,12.44591577339429],[10.363172054446807,12.452084535373046],[10.353768064144901,12.461154423937558],[10.349603915288526,12.467504071955432],[10.345953155213977,12.469286402345631],[10.345268637137963,12.472071267275226],[10.341560833066069,12.474299136196237],[10.341358872314174,12.476144449706624],[10.340016647650202,12.47716416939096],[10.336712167032942,12.474856100728516],[10.33557130417239,12.475914330282194],[10.340017609025494,12.480452389366349],[10.339107978950096,12.48209653083029],[10.33638239103459,12.480247604743226],[10.336141736052298,12.48360028722351],[10.339165022048178,12.486496385699695],[10.342473524433672,12.486552079814658],[10.34344325710066,12.488389972119592],[10.356220919160137,12.48376737226647],[10.355080056299585,12.487665954919919],[10.352056770303761,12.488891211959924],[10.348406010229212,12.493513720981468],[10.344334515825267,12.494094135336127],[10.348715531696485,12.498704321847015],[10.343329170904553,12.507770578049758],[10.341478962384258,12.515036121719675],[10.339311322859317,12.513940927331987],[10.322412424893571,12.518302782247645],[10.310517639877219,12.529549599434517],[10.314717595240893,12.536250391342548],[10.323639126244757,12.560074909029879],[10.320319056779113,12.588231655266725],[10.323039595001376,12.593426427187921],[10.325657496296458,12.607317324035307],[10.333712863258086,12.606968851131626],[10.348471062689441,12.611230744603233],[10.352838285658379,12.62563248335249],[10.353741848907248,12.6325391525599],[10.35257951113556,12.641913091116294],[10.35721426622547,12.640939035408223],[10.361349893083172,12.642539268372559],[10.363916834294514,12.64789649562681],[10.364487266174422,12.654158048754994],[10.370334186873265,12.651514300944257],[10.375539372943763,12.653671045182648],[10.375753284786299,12.655549484321284],[10.372544608946612,12.659515033192292],[10.368266372994754,12.658680186241668],[10.357784697206057,12.664037075350791],[10.359495991047197,12.667724220196646],[10.363560315156462,12.66904601316304],[10.36413074613705,12.67370702036277],[10.356565425154315,12.70861125310688],[10.360843660206797,12.716494267696362],[10.372595051920143,12.728071804270428],[10.360173004280796,12.744459295560091],[10.356607234636215,12.751371777985241],[10.351432558066165,12.774253022858773],[10.328778063756658,12.78251970442085],[10.307072704941447,12.776482557324186],[10.300721968743915,12.772392756320698],[10.288355989337504,12.757877771342123],[10.26894666085974,12.74610209163825],[10.251421138674687,12.737933768028995],[10.250937092972492,12.73266936070246],[10.247074307833088,12.729540203817407],[10.237101224741764,12.73018370471425],[10.230869646916744,12.724762756895757],[10.217089312721669,12.727083797379407],[10.196481465847,12.719353574907586],[10.18657071926333,12.708763579375727],[10.188381075226516,12.69538705426919]]]}},{"type":"Feature","properties":{"name":"Kiyawa","code":"kiyawa","source_id":"59680162B95265909286240"},"geometry":{"type":"Polygon","coordinates":[[[9.639735107289425,11.732978133234326],[9.632009768136356,11.738512725681801],[9.632076808098248,11.740469058700171],[9.63424444672387,11.741511586090894],[9.630650728848082,11.742386560791203],[9.630669887105682,11.73947263865142],[9.628525665926816,11.73917556020399],[9.626999968773589,11.741139255971916],[9.623387237431132,11.741176488803944],[9.623349207799777,11.74396895480345],[9.619147031110629,11.745476875057761],[9.620054966863279,11.75368070030413],[9.620891599867491,11.754453250317283],[9.62315431122255,11.752982610559059],[9.625740265900617,11.757364450209252],[9.626920639575928,11.755778001153885],[9.62811944035991,11.758402259756508],[9.625571514413934,11.759295794665263],[9.625780672440158,11.761380701957876],[9.628755708908898,11.759274155178161],[9.630381437653284,11.763825561100816],[9.635123149114065,11.767343774595588],[9.634452891587728,11.770177860320075],[9.636321055072699,11.770128996555968],[9.640057380243945,11.772523285021634],[9.639925467686226,11.774213934925228],[9.643077101327208,11.775009694641767],[9.643162666423962,11.776531405999663],[9.64069554995973,11.777871620678809],[9.641351546037072,11.778737173182037],[9.644959523563216,11.779742327446513],[9.647583508771959,11.77749468693031],[9.651490963237393,11.779030344075181],[9.655541025897662,11.77809498889269],[9.658336140400593,11.781068565761757],[9.661159775103613,11.780873120598073],[9.66225785541576,11.783469741235592],[9.669522971008348,11.784340499914208],[9.673088166885464,11.792158108609897],[9.676082930882615,11.813097031003224],[9.677794224723755,11.843246268400605],[9.673456826871131,11.847074590619911],[9.673768271088875,11.85930728600249],[9.67915210028923,11.864904943408476],[9.686159910851245,11.867926731133764],[9.688156421081999,11.865693771150688],[9.687798285862243,11.864222704214455],[9.690580754098562,11.864019038347976],[9.693932038133084,11.859483251850634],[9.700420695258913,11.860181070000408],[9.70313024376577,11.858715649907367],[9.701754672240384,11.854977919995065],[9.703864079763491,11.851139825742393],[9.70652752902231,11.85169307337668],[9.707925729289002,11.84987178795268],[9.73164783038311,11.85792827367095],[9.747598517357744,11.861124285257631],[9.749873112354294,11.863978332334227],[9.75360943662622,11.862457108408876],[9.762950249554422,11.867788335363457],[9.777814913427562,11.872551653036396],[9.780526666172761,11.872212337029794],[9.782302133836481,11.874619690846089],[9.787058104947619,11.87449408973049],[9.790259650962184,11.878457454148247],[9.800199416869646,11.880139075757768],[9.803999915863471,11.882406807128518],[9.80866193839779,11.882015775607613],[9.81619101130616,11.886742109560771],[9.833508327847085,11.890391750878678],[9.873014235918276,11.923108843198577],[9.88271711590221,11.93321066064351],[9.888763882147487,11.93663069964714],[9.89155231738556,11.935434610319078],[9.898742129146001,11.938050688688406],[9.896717891917206,11.941129512317161],[9.894777210699772,11.95001831519312],[9.891316594285456,11.955858447809192],[9.887910465095956,11.959913584444394],[9.878252766152286,11.963475821551981],[9.862506959128893,11.964745363008149],[9.851336239875593,11.961255676908024],[9.834000474642266,11.962886214327398],[9.819941434249813,11.960417847805502],[9.809998982067441,11.96445573994049],[9.79423700523364,11.963865981629795],[9.783215297348136,11.953795608980215],[9.774550439151483,11.949827451175963],[9.754361224890658,11.947519387909495],[9.737886207982172,11.955756949423744],[9.726405335937557,11.948772345867098],[9.677291704248773,11.931805773018084],[9.672970234288925,11.936712440826511],[9.664251400581747,11.936409178640758],[9.65170660267762,11.930814610406003],[9.636176608663618,11.935093876081567],[9.633723730266013,11.937376126107381],[9.625208310615108,11.93254679459892],[9.614824111443625,11.929880999908278],[9.60054295739161,11.930849526584439],[9.595022621896533,11.93356246643475],[9.586288838758946,11.942775894891668],[9.58071584885738,11.963050416143858],[9.579613953621106,11.973147717193456],[9.581866309282816,11.979906352596117],[9.54072159002942,11.973642088911333],[9.542729723098319,11.965868404903006],[9.5146975230723,11.94697703106516],[9.473248679183257,11.935490682149293],[9.465696126774901,11.92130420782297],[9.458660806850787,11.918141462158815],[9.459136166900635,11.914792632374144],[9.453736441283809,11.912941829401973],[9.454332583881694,11.910707186787306],[9.452157813632255,11.908404809034778],[9.451230862614295,11.904079073590424],[9.451765642670296,11.901358010164074],[9.449485945819788,11.900409801870921],[9.447130887580443,11.893299320207518],[9.424936193250744,11.88907359477065],[9.425767324202695,11.884645583027293],[9.397158002240076,11.876414982265658],[9.397708664323432,11.870589950166107],[9.395319555053447,11.86997518890388],[9.396374852817246,11.866262908906151],[9.400342251593713,11.866313764668575],[9.409706832704217,11.848961213589178],[9.39930592772646,11.847102017244367],[9.399517080448959,11.84608820430725],[9.396602463133206,11.845266419109976],[9.398406915047133,11.83397396312796],[9.389455362874742,11.833897938938776],[9.379605744109824,11.824097252286435],[9.371251301306586,11.804136315638516],[9.364477364838592,11.795841823441435],[9.36288254489358,11.786060281556786],[9.367780445211451,11.778052397000579],[9.366720429604186,11.772344623006006],[9.3732867809602,11.771694001277183],[9.385195303120781,11.763869186313968],[9.388806153081532,11.764174875769925],[9.391690059448706,11.761643128627554],[9.390937147031764,11.759269570434356],[9.39658123733426,11.752435912687247],[9.396316225113765,11.74620710837138],[9.406769885222047,11.728825198024538],[9.404893753743806,11.724639989743764],[9.414953820162737,11.71799248626428],[9.417092937688949,11.704494032873356],[9.427702283933286,11.702664426022466],[9.421112602364758,11.675381140027639],[9.447247577313874,11.676814652174528],[9.451271860008376,11.660787298894775],[9.45534868109678,11.65716876782443],[9.458317716389558,11.625247026029456],[9.480959505077124,11.61360751807257],[9.504351489329792,11.636901242398494],[9.524208841165148,11.648587829864482],[9.524013502121477,11.661593017703638],[9.53668621060018,11.68339465074257],[9.639735107289425,11.732978133234326]]]}},{"type":"Feature","properties":{"name":"Maigatari","code":"maigatari","source_id":"59680162B93100308813933"},"geometry":{"type":"Polygon","coordinates":[[[9.661990387146716,12.833807799690248],[9.634931564739986,12.802434921334623],[9.556581591167571,12.813119164018246],[9.536378814230943,12.811126010057365],[9.47544245120821,12.81368980364158],[9.430753942640365,12.823119459695363],[9.380372899090048,12.822315626764805],[9.366707098054178,12.82084651675342],[9.334758558260887,12.823026938342593],[9.332125747105579,12.809890553806042],[9.351143261652226,12.782460277220082],[9.33053632669015,12.759300365719355],[9.321018483116575,12.758681705896038],[9.320185671331728,12.754945952693618],[9.324581421695314,12.747244997758514],[9.32429553261278,12.742334213752997],[9.329839599418051,12.744649870894875],[9.333232963630394,12.719193028835264],[9.334754113811357,12.71627173585199],[9.34087121693318,12.711440574223161],[9.341694361905354,12.706580224198035],[9.35566842086098,12.704267372940933],[9.355384714433058,12.69665647431691],[9.34834939360968,12.687706218067547],[9.349585329199613,12.682141134106075],[9.366585464747459,12.68963600309911],[9.392661942394795,12.695105430671163],[9.394123952258667,12.6941473721036],[9.409293461124378,12.701548624369593],[9.411578301197665,12.705410744910012],[9.438911954623052,12.705804163231619],[9.44351052638973,12.683617273218658],[9.47074164001475,12.681033671167029],[9.478423225351605,12.65263164473464],[9.481529766985204,12.632284882741203],[9.493682898447048,12.628244828635957],[9.498781129045938,12.622678447852138],[9.4984082971053,12.601365189851663],[9.496029853794766,12.59897041305419],[9.482040236567684,12.59304805542348],[9.475774586128296,12.592518009398646],[9.509469212734018,12.576933718816122],[9.551782778152756,12.594351620031262],[9.55516155086491,12.60254827588227],[9.566301559169688,12.601998988862306],[9.56614944424149,12.591058266725668],[9.562664740385515,12.578882877043213],[9.589415564776516,12.576495689624437],[9.611565231850022,12.562710426245246],[9.664062785768976,12.562655951610907],[9.688153846323019,12.569080219076909],[9.691059510887783,12.562953698254603],[9.698308742654376,12.564490620745573],[9.703641740374053,12.577122869624759],[9.702527557700648,12.579888344271694],[9.70906511456343,12.58416361066213],[9.74082373013107,12.599001409087805],[9.765442960724101,12.609182650159255],[9.780500001274106,12.61957796585051],[9.780500001274106,12.628100003612303],[9.787530417195057,12.63151463769043],[9.795835587942065,12.638454526954888],[9.795482118405062,12.647162594877898],[9.799418529241791,12.654799501895525],[9.796091013389628,12.663240738269508],[9.793571607643628,12.66616263919451],[9.7912898828219,12.666626430365511],[9.777188300899411,12.697939873426492],[9.764733713090436,12.71667718980052],[9.74910165142012,12.714721450334707],[9.749771270427857,12.72526214593131],[9.746239426808131,12.745727016788464],[9.743695056781519,12.754058211217512],[9.728725865606236,12.784007024804396],[9.700557637724842,12.802607083949795],[9.69191428681495,12.80497093126354],[9.68073348975878,12.820853580028768],[9.661990387146716,12.833807799690248]]]}},{"type":"Feature","properties":{"name":"Malam Madori","code":"malam_madori","source_id":"59680162B52658055469559"},"geometry":{"type":"Polygon","coordinates":[[[9.853067989696001,12.625286892775932],[9.857646538057338,12.611257796210396],[9.854123297352317,12.603901388638235],[9.85099559467102,12.601531287439002],[9.856122926431965,12.589183299869433],[9.84814697320428,12.580467809841593],[9.843664079433779,12.581967199127007],[9.842440906122988,12.579392065091781],[9.835303863882245,12.581026882384776],[9.82781695299002,12.579548050702044],[9.822439448721639,12.576822338680017],[9.824329004380104,12.569335186769479],[9.831525294856533,12.5661141803252],[9.827589838200538,12.552762133865428],[9.820815965584416,12.544549263237968],[9.81899760295704,12.54022854511129],[9.823843751787763,12.539496346779003],[9.826786114087952,12.531690191848952],[9.826526165949872,12.527361014699125],[9.802506078093074,12.513946413196436],[9.797171446305242,12.519962197797213],[9.783756652347677,12.512171196443603],[9.801725239028599,12.491913761411013],[9.797715679135308,12.488259395055081],[9.776305356407136,12.478035786022758],[9.768536277827025,12.472112815054402],[9.761762405210902,12.464802482448647],[9.756557219140404,12.45533355390046],[9.742175833847682,12.442713227333627],[9.749017972201727,12.42879985642827],[9.751741519555537,12.425867651071314],[9.760454481589079,12.429641582293243],[9.790009057571979,12.402877617008471],[9.804356872971368,12.411525699251683],[9.834141305776711,12.425480432675897],[9.892247022082472,12.439141169629352],[9.909793284432567,12.426948789055416],[9.922389633275031,12.4213795160519],[9.92964326722307,12.416062147650052],[9.936797427159604,12.415946085643384],[9.938556257365406,12.414181961128634],[9.934054602837705,12.41134308561493],[9.915990944326666,12.403856943643063],[9.903989497017733,12.390988522002715],[9.900947196655864,12.384674149892135],[9.891087803159621,12.383235955874738],[9.887559323903702,12.375121729184514],[9.896614165911103,12.34995566222409],[9.898781805436045,12.3517945177029],[9.901291701750665,12.360877165848592],[9.90499950492324,12.361935858553068],[9.911787638089095,12.360654282369296],[9.912586242361272,12.362103020038376],[9.910076344247955,12.363440310122257],[9.908935482286722,12.362437343009049],[9.908992525384804,12.363830350590263],[9.919830720311552,12.365111912384918],[9.917434909293661,12.369680903650817],[9.912871457851566,12.37229967998627],[9.915666572354496,12.381994494850119],[9.918632815252295,12.384000274393202],[9.921199755564317,12.383554547004792],[9.920686366782434,12.381103032878741],[9.924793473440104,12.379877266822461],[9.928573130645532,12.371089976721123],[9.936470579353795,12.3715138182082],[9.940344758903564,12.377700822934685],[9.935092038266987,12.38117151805119],[9.935484208329626,12.382750145702687],[9.939417807885548,12.38327248363828],[9.943874302956772,12.387381509449142],[9.949804411844184,12.389656535220979],[9.954581775128872,12.388530630784032],[9.958693633804216,12.384526091805753],[9.964695047238706,12.389900284770363],[9.966391295422,12.393575459639806],[9.964956493647321,12.398419838604696],[9.958605691799278,12.4029511060088],[9.959841628288586,12.404659595763803],[9.963378301267653,12.404529603258652],[9.964424092298088,12.4057366814028],[9.964648462356706,12.41430817558188],[9.982617049037628,12.416536541828009],[9.982636582312466,12.412719738125475],[9.986039636719909,12.409642473021734],[9.987608323265533,12.40501150587636],[9.990817000004597,12.405324881837885],[9.993348289392088,12.408806816681306],[9.994001907661982,12.415213452039211],[9.999171441908572,12.426558151437575],[10.014947433777081,12.42571674393264],[10.021156817233361,12.423337582963143],[10.020919137208466,12.437119008935156],[10.023815168235501,12.439847710303638],[10.027664355625575,12.440562275628565],[10.024684118377422,12.442912017075969],[10.022318205320971,12.440901041250129],[10.019225123840442,12.448559197449072],[10.024162187834747,12.454324156634584],[10.023569726162009,12.455954992628847],[10.028099934164686,12.458392420673704],[10.029644421752721,12.457167330907623],[10.03263700219594,12.460123657880558],[10.038304651138787,12.454513113189648],[10.043201105346782,12.459873053698516],[10.042084010668589,12.461033459726423],[10.043106032617345,12.462124236644229],[10.041705030063156,12.472206610746525],[10.047010041780027,12.47764628964461],[10.052296039130965,12.472318004372426],[10.062048478054862,12.484691899611505],[10.056758938274413,12.496627825014173],[10.05316351708268,12.516271882841181],[10.05764778321867,12.5287008462671],[10.053434901899266,12.534125153952743],[10.056651933340106,12.542786393277481],[10.060906250023493,12.542504436930244],[10.06274314857751,12.557088425090797],[10.087485744571495,12.557905290097096],[10.09131630160607,12.57512848359272],[10.102946155340817,12.581064762728658],[10.108220945340406,12.572287407437955],[10.111245291636976,12.558487414962258],[10.122454482088699,12.553837463128446],[10.128510561713085,12.562578974140365],[10.13340349327666,12.566183597195277],[10.13528746864182,12.563589824710675],[10.148904297994989,12.566290541875048],[10.17706934587369,12.575685806055162],[10.172683187679013,12.584774232345012],[10.180090665951525,12.605688882036304],[10.170748992372125,12.622621172728998],[10.165609356086975,12.629017163711183],[10.156784375398672,12.634357584435008],[10.151546001646693,12.639602668028772],[10.153457768761086,12.64649687533057],[10.159311242819626,12.65363525756112],[10.162951818971294,12.65634784397787],[10.171879068764042,12.656894851216464],[10.185335487842565,12.6719837088811],[10.188381075226516,12.69538705426919],[10.1716357257082,12.690583414592936],[10.14954247760329,12.690901282668108],[10.130857285935065,12.687083084117091],[10.104536706204101,12.674168893279841],[10.099306052232578,12.67645269013957],[10.084918487698076,12.687028563617389],[10.077805613838052,12.681924029670256],[10.056478809349642,12.671510553069595],[10.053638160372827,12.656490128416749],[10.050851352008351,12.652636253760136],[10.031358769691508,12.645332137268383],[10.016539580037659,12.650473231354567],[9.998698074756419,12.64610577995785],[9.991640197137428,12.64317524104456],[9.982535154074128,12.632684653873753],[9.970615760908686,12.629628399630974],[9.964584153635826,12.633767737091432],[9.937192221443922,12.627670740112592],[9.922164264968899,12.628270194913625],[9.906287738788137,12.638590306597393],[9.904176897745685,12.64272108071333],[9.892957262567677,12.640401580768412],[9.892280501144285,12.624858402693178],[9.890243682400069,12.620061409006894],[9.885104046114861,12.621374871553144],[9.873919628388194,12.62041357003028],[9.853067989696001,12.625286892775932]]]}},{"type":"Feature","properties":{"name":"Miga","code":"miga","source_id":"59680162B14319741144045"},"geometry":{"type":"Polygon","coordinates":[[[9.769821858691898,12.125927461982826],[9.768704889019489,12.137061221797978],[9.764620266312306,12.140449610960843],[9.764128795807324,12.146202332171924],[9.767087908879944,12.149792254908675],[9.789065230775805,12.150008923173289],[9.804012154737222,12.163442238668438],[9.818062156943029,12.194849786788268],[9.819955629149035,12.202023381074241],[9.825563741173767,12.203266823305285],[9.831753172271135,12.206713425584155],[9.836078351035098,12.21320454325513],[9.859733951760518,12.223038749438786],[9.850055964111505,12.242545011343225],[9.857962730695533,12.246961610689823],[9.853081555069764,12.253152379079097],[9.842559495224577,12.248923952978089],[9.836230128717489,12.258346618601593],[9.832242417853365,12.26855700220392],[9.828747269271105,12.269857658404248],[9.820318278066111,12.305395331329521],[9.812503368235923,12.309017924637544],[9.795333384927801,12.312584738395003],[9.788202993173627,12.296700901625343],[9.77844861711003,12.285219356887865],[9.77298955332526,12.286541702937313],[9.742117529900156,12.304572706165516],[9.71789268889654,12.293532111617708],[9.69011895222792,12.286403816183224],[9.684029516748865,12.287102285442188],[9.68602341085176,12.30654211082981],[9.685453324311538,12.316233573021009],[9.679119791245398,12.32049676331502],[9.672167240425836,12.333605391175922],[9.64989169884285,12.333425917971795],[9.628571827228086,12.327226255287485],[9.611084540619117,12.324486282715839],[9.607813550754827,12.327986159933403],[9.589902644791266,12.310853850125113],[9.581752245569703,12.306505531804873],[9.559229078359351,12.298583626033576],[9.554399504933258,12.294091825377507],[9.554550098208495,12.283350356134065],[9.56626282177183,12.26578544813998],[9.52785296784026,12.21818597979916],[9.531675189058774,12.20831820911809],[9.550729469689315,12.191568783872299],[9.580422638394111,12.160568074656965],[9.599100002363286,12.15810000221336],[9.606859789148018,12.155688068149857],[9.608250674329213,12.148949359025721],[9.607490099688391,12.146346952150168],[9.60956979810777,12.138737090444408],[9.611322541702009,12.13794345042993],[9.638061511229807,12.136270406554047],[9.64601343187445,12.141342322989885],[9.6524783199186,12.1363232300331],[9.653454686884345,12.130989749377477],[9.672039908115323,12.139417201842434],[9.690191243331242,12.142829307026943],[9.689999501575812,12.147372904136262],[9.694050728858087,12.145018410671184],[9.69062430466795,12.141972700979409],[9.691270196862149,12.140784374599264],[9.69655619421303,12.140579893947006],[9.70608313712711,12.14193443212838],[9.713629468025601,12.145477940854335],[9.72482826591181,12.146267729971783],[9.730841828287794,12.136378708310815],[9.733919371282013,12.123775493144535],[9.769821858691898,12.125927461982826]]]}},{"type":"Feature","properties":{"name":"Ringim","code":"ringim","source_id":"59680162B52609098277437"},"geometry":{"type":"Polygon","coordinates":[[[9.223018089912955,11.989609094084472],[9.249950876831576,11.994066721402135],[9.249233154886213,11.996415614788816],[9.251857139195693,11.997419965059407],[9.252712785666574,12.00389235614739],[9.257390323304833,12.003445989341003],[9.260242480006468,12.005622021339263],[9.262527526923861,12.005265904198154],[9.266429842663172,12.013736784924731],[9.274581622344044,12.021563530732408],[9.278136791679628,12.022207665651308],[9.279088575677292,12.023730520946856],[9.277696420653342,12.025190085554073],[9.28328543917172,12.032021806161481],[9.301285194556158,12.042453851963728],[9.319290612971486,12.05688829725716],[9.322880205656986,12.071435579588353],[9.31981888283525,12.100229216705031],[9.34894579521233,12.118522725743276],[9.346952312099575,12.131920455964348],[9.348799858626649,12.138952538329022],[9.339893885894185,12.160340890619636],[9.335966649041666,12.165708723578803],[9.334400340303489,12.16476076799512],[9.332175656781203,12.168608335706153],[9.330749579329677,12.16687972541905],[9.331091838817372,12.161916876962323],[9.33450431182456,12.159577992130664],[9.33377286622482,12.157846155975392],[9.330749579329677,12.156730878827034],[9.321679722241413,12.166489391772075],[9.32013910623482,12.160693018368136],[9.3179719172702,12.163533994698128],[9.315576105353045,12.162920606700709],[9.31680071578046,12.161978047948594],[9.315972586765497,12.161161673072797],[9.312778877443293,12.162572357728152],[9.308959100582058,12.156452060214463],[9.305878772387473,12.155281013408114],[9.304167479445653,12.155002191198207],[9.303996349252145,12.157734629249774],[9.297966413818983,12.163974285684787],[9.29715830371282,12.161372026298011],[9.295114257117348,12.160349703076406],[9.29249978133987,12.163230785572352],[9.287223289823032,12.162859034616815],[9.28869690543786,12.161697310182774],[9.286177500591236,12.159792071247125],[9.286795467037223,12.1546803840925],[9.28132883275947,12.151334501386202],[9.279665075283049,12.151055674679696],[9.276146925640148,12.159843535850541],[9.272938249800461,12.155080378256912],[9.270669962648697,12.154679377751108],[9.272951978850813,12.191509691219323],[9.263559634769365,12.197926436755722],[9.256416033773007,12.196024528009616],[9.235595290390393,12.201414192011384],[9.23012865611264,12.204434212568913],[9.233456172864123,12.208940950964177],[9.22523268843787,12.218049217197688],[9.222163182684767,12.225830055312827],[9.204648208647939,12.244441317312976],[9.201682674415963,12.250135855985036],[9.190609545993823,12.243447385688341],[9.17999130725309,12.232063266306739],[9.17601500338975,12.231745890160767],[9.175509848800516,12.235709168243545],[9.170291023611924,12.235258720313766],[9.159349189013938,12.230890308441019],[9.151239368102381,12.231038839570829],[9.146171891619531,12.239176609612912],[9.146451457568787,12.251557381068324],[9.157024154641078,12.259375845019292],[9.164105956025082,12.273694522384346],[9.151433413021664,12.283593327769893],[9.128797115594466,12.270861800931414],[9.113547263995088,12.28317529860118],[9.1186873859142,12.296534655649907],[9.125162882361167,12.308170588801659],[9.145609148043775,12.325633019048666],[9.13853364371272,12.342232949990716],[9.123552731673271,12.338362526909123],[9.11505946682098,12.333239634201789],[9.106415454909381,12.324895655010494],[9.093797951314457,12.322241597371885],[9.083558321759199,12.32586328686125],[9.072215455179162,12.32620434395534],[9.057033264073937,12.324888042249427],[9.049213050042283,12.32265651218836],[9.015159644302173,12.320237595788456],[8.990652295666962,12.313672579026331],[8.972508905061943,12.315159742028527],[8.958103123860099,12.313822561661937],[8.955084094355527,12.306890882308437],[8.951029491917552,12.307062203158182],[8.945090358333402,12.304549491965531],[8.944633500935367,12.302607852070764],[8.930706230108456,12.30022277626017],[8.930195836069004,12.297752895279928],[8.927215847033779,12.299067213980777],[8.925527786278337,12.302276452796093],[8.909896060954509,12.300987923054265],[8.911535695016369,12.284870930748923],[8.91746251418374,12.26627367928694],[8.920517223391187,12.266661984962695],[8.935213517090176,12.231043436005791],[8.93440000025987,12.214600002388238],[8.94376952944026,12.201813439738487],[8.944537784291356,12.196110305346338],[8.952237695113581,12.185331892852616],[8.950626551574146,12.168555698386797],[8.943177198169224,12.154628146971447],[8.942013083337201,12.153446060087674],[8.93122466318772,12.155207960578991],[8.93054014601097,12.147902740619031],[8.935788113730496,12.142047267367559],[8.939709826047704,12.132337766574722],[8.938571982211272,12.130148058586087],[8.939043073179334,12.122651139138782],[8.936575471980518,12.119133351023379],[8.938439573227754,12.113779121209518],[8.927833958270583,12.11036266060836],[8.925223566314571,12.096321132714138],[8.91499999865107,12.07620000162882],[8.94570191800915,12.072307587425257],[8.948823212121567,12.075460508895446],[8.972496113105194,12.084358195274547],[8.977986514665986,12.08382751882499],[8.985073694895163,12.079794688973777],[8.988468191354002,12.068418074434646],[8.995955102246228,12.064443549430337],[9.003727230427387,12.06290950566921],[9.009792387808488,12.064106095020293],[9.011931506234077,12.068580342708685],[9.014486562005288,12.06991679192646],[9.043786468870508,12.075715748183256],[9.046638625572143,12.07403069476078],[9.07408547576415,12.073533917356428],[9.077145222973684,12.059624772365396],[9.078005488362635,12.046228028700625],[9.081521073139072,12.046199939275823],[9.083717597988823,12.038559387305952],[9.082806618031043,12.032792319210216],[9.08469409355763,12.027426902729417],[9.09830333712938,12.022935939342176],[9.133339497719703,12.035312798746702],[9.144272766275208,12.02618877189434],[9.14894371458081,12.019373484598702],[9.15193793718612,12.027641662632675],[9.145401743695572,12.04158901981748],[9.147719122139847,12.045540639988587],[9.14753101634335,12.04822861465891],[9.152829236380228,12.05483833941787],[9.15629583598411,12.067532689182315],[9.181874005580937,12.085438744202747],[9.193782382950644,12.084596694581819],[9.198712532057755,12.082790336105177],[9.200416947883866,12.06830000064457],[9.213967778690062,12.054112448930425],[9.2203283786518,12.032089681593561],[9.223964879075936,12.026231673153234],[9.227965202931841,12.014366012681364],[9.223018089912955,11.989609094084472]]]}},{"type":"Feature","properties":{"name":"Roni","code":"roni","source_id":"59680162B41504820717654"},"geometry":{"type":"Polygon","coordinates":[[[8.160023516172373,12.683965513197904],[8.160432935231825,12.667056629160129],[8.153242574884985,12.655401583616253],[8.182134731832434,12.651782658642844],[8.183460517788717,12.635248842260296],[8.18526890423658,12.629936396747382],[8.190395369950409,12.628724285997066],[8.190395136126654,12.624009392319635],[8.203539322281927,12.621629710642708],[8.230492202752998,12.612514462072795],[8.23701323187521,12.608953932777808],[8.246199606926382,12.594415679639951],[8.256289885170133,12.596212444149046],[8.278800273913532,12.604603956107724],[8.288612586102033,12.599858144637722],[8.2900571590107,12.58879530266114],[8.294625723998024,12.576650534894327],[8.301248940386358,12.536081365562609],[8.297087994915103,12.53361246394411],[8.300039530300126,12.52719102394667],[8.302868947643844,12.52818426938859],[8.311143807640633,12.507679212325854],[8.335419945973797,12.49916374321225],[8.35467942401624,12.479670207614049],[8.35824018983294,12.437914423312009],[8.365613978602255,12.431705143277782],[8.367167489987708,12.43565933011405],[8.37688189658229,12.435615729182587],[8.379511955812177,12.442394435654705],[8.384859749178133,12.45034364933997],[8.384681490058767,12.457190222251029],[8.387414805848664,12.470302644351591],[8.396161419613861,12.472588547423584],[8.397872714354321,12.48324035695697],[8.403695867770125,12.488693728932503],[8.407974102822664,12.495887361912253],[8.410248848905326,12.50469564308952],[8.458427349342742,12.586906936805747],[8.45390234301874,12.590847911701815],[8.448911068790835,12.59847941109598],[8.422412650823219,12.595326515706176],[8.398762402862644,12.586845085032678],[8.386463115380536,12.609995911582075],[8.37082100018904,12.602071660378897],[8.360381955862636,12.608562597286095],[8.356255073113175,12.61492415232783],[8.353130306718356,12.621450026997195],[8.35890415030633,12.623042574355395],[8.355530376026081,12.634395710293859],[8.352278917637989,12.643635414243022],[8.344135585289052,12.652910522702484],[8.329715595698246,12.643995697043806],[8.324448713437448,12.649441032677544],[8.314560047008626,12.64861019490462],[8.310699999405472,12.645700001354044],[8.282860843353262,12.650985029235756],[8.283726334702635,12.672614141729298],[8.261517079449732,12.67299525642602],[8.258308639232382,12.681138753350808],[8.253489874757975,12.687046067122367],[8.25231878028751,12.693652369960944],[8.244125293647414,12.693306657076619],[8.239609378570037,12.691312559726896],[8.234160112898962,12.69272161660939],[8.225681346916701,12.691451683948117],[8.222448902894598,12.689318446189361],[8.219545000101732,12.68195130161132],[8.208299997746735,12.678699999705259],[8.189416213287643,12.67851479871905],[8.17269937227826,12.684830854360484],[8.160023516172373,12.683965513197904]]]}},{"type":"Feature","properties":{"name":"Sule Tankarkar","code":"sule_tankarkar","source_id":"59680162B44120553871969"},"geometry":{"type":"Polygon","coordinates":[[[9.349585329199613,12.682141134106075],[9.34834939360968,12.687706218067547],[9.355384714433058,12.69665647431691],[9.35566842086098,12.704267372940933],[9.341694361905354,12.706580224198035],[9.34087121693318,12.711440574223161],[9.334754113811357,12.71627173585199],[9.333232963630394,12.719193028835264],[9.329839599418051,12.744649870894875],[9.32429553261278,12.742334213752997],[9.324581421695314,12.747244997758514],[9.320185671331728,12.754945952693618],[9.321018483116575,12.758681705896038],[9.33053632669015,12.759300365719355],[9.351143261652226,12.782460277220082],[9.332125747105579,12.809890553806042],[9.334758558260887,12.823026938342593],[9.193276163564121,12.832797987836898],[9.185480268999243,12.834373834784685],[9.12885861932989,12.833116247117175],[9.089118569166658,12.83515557496986],[9.08170296102287,12.834228611361368],[9.057519298177112,12.845205927811378],[9.040895137700488,12.84614142059013],[9.047338499572163,12.816157329297369],[9.053905350051934,12.806144246160102],[9.055086443184848,12.800173779296529],[9.069048140959012,12.79905685099294],[9.06951283864663,12.788318505094992],[9.086506939743515,12.774179288343532],[9.081797833203495,12.758140699833461],[9.079212533231896,12.738224324592977],[9.080054262694091,12.735431312704975],[9.067544265855247,12.727389172072662],[9.059618467818098,12.710008065719705],[9.039979495657235,12.698751600605931],[9.012655296804553,12.690094117749368],[9.021249872083956,12.679182488680965],[9.032391702415168,12.672727909565424],[9.042762248978647,12.662099593921198],[9.036094812026022,12.654490761939144],[9.032946077799295,12.648602699055346],[9.039000000849398,12.628499999575354],[9.02288536926443,12.61589476003519],[9.00424193042079,12.597246117714235],[9.004435004971526,12.595182499173063],[8.99994635104332,12.587234597598638],[9.008891935314637,12.58667952164268],[9.012064958431154,12.582364888328982],[9.01694927628813,12.582608458013965],[9.017976489123726,12.572913227663378],[9.06383103707276,12.559423054330523],[9.077586645307463,12.55034610698732],[9.091568261266275,12.534575479574755],[9.092381100007799,12.530329665082036],[9.095997880997459,12.524642752660952],[9.099638456249806,12.523191281952165],[9.108752505124073,12.529146278677842],[9.123801932912897,12.543356737923148],[9.158152276806163,12.535436403267454],[9.167385418402375,12.535119280730271],[9.191145184902382,12.519917535665797],[9.193278473023156,12.495196536890717],[9.202703718801615,12.488981767394705],[9.215756110256336,12.49151262330895],[9.224860030066395,12.464119759419418],[9.23459996031994,12.466425223645217],[9.242016799635621,12.471745138027757],[9.250072910336598,12.454519459705352],[9.254824163604326,12.440202534219623],[9.25975543686394,12.433288440209424],[9.25997402338254,12.429782009632106],[9.276892356597045,12.429944521622417],[9.276552256381592,12.432545226980665],[9.27926180398913,12.433322781721074],[9.287806906663434,12.430903376989306],[9.301729886824887,12.43214954326686],[9.308682020359015,12.434702702367872],[9.317357329577135,12.429016085823775],[9.324903662274266,12.427217232189548],[9.345760058380051,12.428203702139172],[9.371161736924648,12.41709767022138],[9.3987378286879,12.408890841239383],[9.409448090556964,12.432191323071152],[9.406667084618334,12.452682950557744],[9.394451110330522,12.457170849055501],[9.383981480960642,12.471923506864414],[9.398178961190183,12.490801293744767],[9.400329667380277,12.532142341296037],[9.409926529885468,12.537059701144358],[9.405721791027872,12.549640381998074],[9.400371293400497,12.560063877945652],[9.36671584306174,12.541967887907731],[9.344295932411399,12.539735177936166],[9.356519382763338,12.558045542068157],[9.34772187726287,12.57012187502454],[9.333171360969573,12.579154225886839],[9.32379972197964,12.583084943115693],[9.31767589282822,12.590846443108887],[9.316876876666583,12.592892878303758],[9.321609496880853,12.595026774366204],[9.322209332095042,12.604466021689575],[9.321554182279726,12.614396993126775],[9.315140757040353,12.621035255172956],[9.317003350124537,12.639068212627933],[9.317365383006063,12.659734440791851],[9.316333935262946,12.6621985822988],[9.330833272937241,12.661723913827586],[9.355500953606168,12.664109448292436],[9.350298368375036,12.673886034013321],[9.351154014845974,12.678106371611818],[9.349585329199613,12.682141134106075]]]}},{"type":"Feature","properties":{"name":"Taura","code":"taura","source_id":"59680162B96971531554224"},"geometry":{"type":"Polygon","coordinates":[[[9.335966649041666,12.165708723578803],[9.332936232321288,12.173375899977827],[9.338759385737092,12.17813872931896],[9.34095792326957,12.176977071434749],[9.338937645755777,12.173898651601519],[9.341433283319418,12.174769907605196],[9.34173038155194,12.182901473224433],[9.34648397665427,12.182727227779367],[9.350702791700542,12.1808105242863],[9.354743346728128,12.185166652319197],[9.357476664316664,12.183133799585221],[9.367010560788799,12.183195351884024],[9.373988975211091,12.17832726589063],[9.378077065704076,12.181161687961605],[9.377196793097596,12.189029177554573],[9.382010140955288,12.19131803130216],[9.384758830655585,12.194565964347817],[9.388264607425754,12.193230140158903],[9.386006648987689,12.190209990098992],[9.388383447438173,12.188816064309947],[9.39491963913008,12.190035750049901],[9.395454419186137,12.191720069625546],[9.392602261585125,12.197295672057692],[9.395573258299294,12.19903802308636],[9.399435554207514,12.197527985827946],[9.402489197718353,12.193719410922142],[9.403832629272472,12.194391726996628],[9.402822490065887,12.197121435605823],[9.404559625026707,12.19752446138483],[9.406447105949212,12.194682122581924],[9.405971746798741,12.189396867171752],[9.411794900214545,12.186434754860102],[9.418449931918872,12.176735057576877],[9.422015127795987,12.176444642206548],[9.424213666227786,12.177954799974088],[9.425104965421838,12.183414528357844],[9.429026680437005,12.181033171243882],[9.43271071632654,12.18132358211767],[9.435622293034442,12.185098891101006],[9.438474448836814,12.186318593028716],[9.444647659761756,12.18570905862623],[9.446971499834888,12.183704937432992],[9.449791469800516,12.185205372629866],[9.454723324921531,12.183811418961852],[9.459595759137017,12.18630891272619],[9.461414110073179,12.182105107364862],[9.474780027676161,12.194898951825223],[9.488375308373804,12.202983438834679],[9.49930857602999,12.206979130282662],[9.531675189058774,12.20831820911809],[9.52785296784026,12.21818597979916],[9.56626282177183,12.26578544813998],[9.554550098208495,12.283350356134065],[9.554399504933258,12.294091825377507],[9.559229078359351,12.298583626033576],[9.581752245569703,12.306505531804873],[9.589902644791266,12.310853850125113],[9.607813550754827,12.327986159933403],[9.609888248044285,12.330623796850773],[9.601997501083872,12.331272736847382],[9.601038101627125,12.3363723982676],[9.60219941417165,12.339344196277693],[9.601109674172164,12.345664520101593],[9.606953459834358,12.350193025687645],[9.57915090079348,12.39126295192375],[9.561268658022186,12.382865366843248],[9.534899997836703,12.367199997881642],[9.505192448972366,12.350664793845226],[9.469584970669928,12.345165776779197],[9.43213280298653,12.327047732666756],[9.416788311231642,12.315087949149586],[9.407749925918381,12.330032817260758],[9.401213733327154,12.336998644771711],[9.389972491936987,12.33632109104559],[9.382869507921498,12.338897176563478],[9.367236168314548,12.336267932119426],[9.357361823589315,12.325737130863956],[9.341128298032572,12.29287861025972],[9.335579579933722,12.285481877087022],[9.313413025390844,12.298362505225498],[9.290627456691823,12.30720327621026],[9.283146478627145,12.317016817771957],[9.249458989041159,12.305871115859361],[9.238112096196346,12.320531765828378],[9.221209312259987,12.329819434219587],[9.216503254421696,12.33539211565369],[9.180423471066376,12.33727286874796],[9.166096811318823,12.340367035710187],[9.158421816213888,12.333562369407844],[9.145609148043775,12.325633019048666],[9.125162882361167,12.308170588801659],[9.1186873859142,12.296534655649907],[9.113547263995088,12.28317529860118],[9.128797115594466,12.270861800931414],[9.151433413021664,12.283593327769893],[9.164105956025082,12.273694522384346],[9.157024154641078,12.259375845019292],[9.146451457568787,12.251557381068324],[9.146171891619531,12.239176609612912],[9.151239368102381,12.231038839570829],[9.159349189013938,12.230890308441019],[9.170291023611924,12.235258720313766],[9.175509848800516,12.235709168243545],[9.17601500338975,12.231745890160767],[9.17999130725309,12.232063266306739],[9.190609545993823,12.243447385688341],[9.201682674415963,12.250135855985036],[9.204648208647939,12.244441317312976],[9.222163182684767,12.225830055312827],[9.22523268843787,12.218049217197688],[9.233456172864123,12.208940950964177],[9.23012865611264,12.204434212568913],[9.235595290390393,12.201414192011384],[9.256416033773007,12.196024528009616],[9.263559634769365,12.197926436755722],[9.272951978850813,12.191509691219323],[9.270669962648697,12.154679377751108],[9.272938249800461,12.155080378256912],[9.276146925640148,12.159843535850541],[9.279665075283049,12.151055674679696],[9.28132883275947,12.151334501386202],[9.286795467037223,12.1546803840925],[9.286177500591236,12.159792071247125],[9.28869690543786,12.161697310182774],[9.287223289823032,12.162859034616815],[9.29249978133987,12.163230785572352],[9.295114257117348,12.160349703076406],[9.29715830371282,12.161372026298011],[9.297966413818983,12.163974285684787],[9.303996349252145,12.157734629249774],[9.304167479445653,12.155002191198207],[9.305878772387473,12.155281013408114],[9.308959100582058,12.156452060214463],[9.312778877443293,12.162572357728152],[9.315972586765497,12.161161673072797],[9.31680071578046,12.161978047948594],[9.315576105353045,12.162920606700709],[9.3179719172702,12.163533994698128],[9.32013910623482,12.160693018368136],[9.321679722241413,12.166489391772075],[9.330749579329677,12.156730878827034],[9.33377286622482,12.157846155975392],[9.33450431182456,12.159577992130664],[9.331091838817372,12.161916876962323],[9.330749579329677,12.16687972541905],[9.332175656781203,12.168608335706153],[9.334400340303489,12.16476076799512],[9.335966649041666,12.165708723578803]]]}},{"type":"Feature","properties":{"name":"Yankwashi","code":"yankwashi","source_id":"59680162B90957738044815"},"geometry":{"type":"Polygon","coordinates":[[[8.398377832970652,12.825942683408186],[8.393642618212311,12.792487373593474],[8.398323896130933,12.773437515828732],[8.401236293919851,12.745342656438481],[8.400199997931622,12.74020000202853],[8.403499998126449,12.723200001378984],[8.402709187379116,12.705925830712545],[8.4226713291186,12.706278430605153],[8.445658345955962,12.714830546192786],[8.464949903715137,12.71904534126952],[8.468081068786319,12.721147624363425],[8.466386084150486,12.726568368935148],[8.469526921430315,12.739088320369717],[8.491659889892048,12.749750089894803],[8.497525946365386,12.749040865643508],[8.519276290168705,12.73906360160396],[8.536421411718834,12.725582559987231],[8.53934628580248,12.725162412915097],[8.546410427199532,12.713437902836972],[8.54059525976345,12.690478932256951],[8.55205142293488,12.685516791566727],[8.55395801535019,12.676443909159104],[8.546398536363427,12.675185781898392],[8.54288801926674,12.678446061736395],[8.537062122019393,12.67974949684185],[8.524135714791441,12.675447956757864],[8.524413614296918,12.662986183365717],[8.538992766802778,12.661925502260146],[8.539059681758943,12.654945644425993],[8.536881268355899,12.648858297172751],[8.537871376063208,12.646510045901948],[8.542945653219363,12.64503294271617],[8.549041583602275,12.659894934703516],[8.567614109103886,12.6680123665775],[8.585291384689697,12.667315391991792],[8.594768642758709,12.695545768422505],[8.60466562881578,12.695441225831928],[8.623384186231249,12.685062904629376],[8.62855238498463,12.701346212158],[8.645377686031452,12.698038011944732],[8.6574730387498,12.712473406922243],[8.659117586707282,12.716662585709798],[8.668633008406687,12.719465191565405],[8.66389433575506,12.72577001827176],[8.651025612841806,12.727596055713434],[8.651846301765488,12.733124862822194],[8.63627339210342,12.737315143279261],[8.60382689499528,12.737272796002799],[8.594412673106433,12.766215766444532],[8.593052076192407,12.777338586006977],[8.588195488930694,12.794441790156554],[8.587099101142655,12.802715978359743],[8.589058318286789,12.808618953801727],[8.57403483503964,12.820465466807889],[8.563938892865679,12.82527427758589],[8.563190272912834,12.83413875020318],[8.552150601968776,12.831819272741313],[8.502112606611547,12.833821830013505],[8.478802339256617,12.830661484639847],[8.469829929108016,12.828112277159903],[8.452301048854395,12.818958088844795],[8.444071388783641,12.816090095081847],[8.435351537043857,12.815188293604933],[8.42290342885019,12.82093204857523],[8.398377832970652,12.825942683408186]]]}}]}